CustomerID,Recency,Frequency,Monetary
12346,-0.36596091310439344,-1.7825705062091837,-1.451163220910853
12347,-0.8370006387594848,1.012910707118714,1.4867019022825994
12348,-0.6996140521100832,-0.2660743622435596,0.024246597444648632
12350,-1.2491603987076898,0.023983020771589966,-0.04070395036363007
12356,-0.36596091310439344,0.17940647972972534,0.18393490959406486
12359,-0.14025437789466214,-1.0837002028772094,-0.5483167368967653
12370,0.4387319515563877,1.3566522297454047,1.0538879312722722
12373,-1.180467105382989,-0.6748872825603845,-0.6785471696387887
12377,-1.0234538634979584,1.1861798836433748,1.2841591943023645
12383,-0.44446753404690864,1.2378966924437296,0.8420803331313321
12386,0.11489214016851237,-0.519463823602249,-0.5627991668601269
12388,-0.29726761977969257,-0.06374678486788676,-0.42906779822827873
12393,-0.21876099883717737,0.17940647972972534,0.2837893710886803
12395,0.1933987611110276,0.2489690060966055,0.02515420400809693
12402,-0.49353417213598066,-0.519463823602249,-0.49992076116332523
12410,-1.3178536920323907,0.2489690060966055,0.3227043564491925
12413,-0.13044105027684771,-0.06374678486788676,0.46619219270225404
12414,-1.2491603987076898,-0.519463823602249,-0.6001545407621031
12415,-0.04212110171651809,0.7640123744367706,0.45828790690838134
12417,-0.6898007244922687,0.31404040378673953,0.1379139430554582
12421,-0.6701740692566399,-0.519463823602249,0.1902513082679943
12422,-0.41502755119346546,-0.15984391422021904,-0.2368256813973742
12423,0.27190538205354287,-0.2660743622435596,-0.40386162763874317
12427,0.252278726817914,-1.0837002028772094,-0.06251628874476141
12429,1.1551048676568392,-0.06374678486788676,0.36701967339439345
12431,-1.0234538634979584,1.0439364387809122,0.8844303919083523
12433,1.1845448505102825,1.577147086393675,1.6234999347472334
12434,0.7625717629442631,-1.7825705062091837,-2.311166829785035
12437,-1.2491603987076898,0.2489690060966055,0.3319029352526671
12441,1.3023047819240552,0.023983020771589966,0.09228409587988774
12451,-0.405214223575651,1.6125281454365896,1.293903204673168
12464,-1.2884137091789474,-0.519463823602249,-0.12951271322098673
12468,-0.9155072597020001,-0.384829899545235,-0.046470389171617506
12471,-1.2687870539433186,1.8164348252820153,1.5067142229048798
12472,-0.8075606559060416,1.7729061928455898,1.4168084342133247
12474,-0.8271873111416704,0.8782767830616999,1.013424806926135
12476,-1.0921471568226593,0.17940647972972534,0.5202657209302777
12477,-1.1608404501473601,-1.373757585892359,-1.1944805073111304
12480,0.026572191608182742,0.2489690060966055,-0.016589135656582352
12481,0.06582550207944035,0.17940647972972534,1.3347176261996732
12483,0.21302541634665642,-0.519463823602249,-0.2609357306796854
12484,0.04619884684381155,1.131666244420389,0.9378847798218971
12489,0.05601217446162595,-0.519463823602249,-0.3992241915984343
12490,-0.20894767121936295,0.6799423068293861,0.4549780805525061
12494,0.1933987611110276,-0.6748872825603845,-0.831972997482538
12500,-0.04212110171651809,-1.0837002028772094,-1.8750764930130601
12501,-1.0136405358801441,1.8305365477523636,1.3134753602448686
12502,-1.2687870539433186,0.6351235184640878,0.820391255021175
12503,0.12470546778632678,-1.7825705062091837,-3.017624446422251
12510,-0.3954008959578366,0.10468661873779295,0.0048471430117579045
12515,0.2620920544357284,-0.8587142175521938,-0.09748739283899045
12523,-0.13044105027684771,-1.0837002028772094,-0.6745366662692182
12524,-0.05193442933433249,-0.6748872825603845,-0.6023470183522178
12527,-0.36596091310439344,-0.519463823602249,0.0476440243575163
12528,-1.082333829204845,0.6799423068293861,0.7368168922199742
12530,0.06582550207944035,-0.2660743622435596,-0.06880768225298117
12539,-0.8958806044663712,2.1717854690580243,1.717021741037396
12540,-1.2099070882364322,1.0439364387809122,0.7157308205296494
12551,0.42891862393857333,-0.15984391422021904,0.07643960223845961
12553,-0.7388673625813408,0.2489690060966055,0.09218427959983377
12557,-0.0813744121877757,-0.8587142175521938,-1.0414635006350785
12559,-1.2197204158542465,0.023983020771589966,0.420523695710672
12567,-1.3178536920323907,1.8305365477523636,1.4375740503075471
12574,-0.9743872254088864,-0.6748872825603845,0.07828789308163912
12577,0.566305210587975,1.0740358895136153,0.9544371710095125
12578,-0.866440621612928,1.26279318504311,0.9155503292521395
12583,0.06582550207944035,0.31404040378673953,0.4556581308820919
12585,0.15414545063977,0.8416088614052395,0.6943510783107604
12586,1.5476379723694154,-1.7825705062091837,-2.7443968946369055
12591,-0.8370006387594848,0.6351235184640878,0.7446845479426343
12594,-0.5131608273716095,-0.6748872825603845,-0.3622665399288165
12600,-1.2687870539433186,-0.2660743622435596,-0.384251655752298
12601,-0.0813744121877757,-0.8587142175521938,-0.6178450160604774
12605,1.0962249019499528,-1.373757585892359,-1.1108718412793102
12609,-0.7781206730525984,-0.8587142175521938,-0.8643363004200475
12621,0.4191052963207589,0.5882194000465504,0.3695016959528185
12625,-1.2687870539433186,0.7640123744367706,0.9431918974517257
12626,-1.1510271225295456,1.1032627683867156,0.8570505370263966
12637,-0.866440621612928,0.8416088614052395,0.755710809258122
12643,-0.09118773980559011,-1.7825705062091837,-2.0569375811761903
12645,-0.9155072597020001,-0.2660743622435596,0.32043486801958554
12647,0.42891862393857333,0.9136578421046154,0.6615585273339645
12649,1.106038229567767,-1.7825705062091837,-2.698150017659415
12651,-0.002867791245260471,-0.384829899545235,0.3044834346257923
12652,-0.5622274654606815,0.8416088614052395,0.45239579928312285
12662,-1.2982270367967619,0.37516558618164075,0.5131899692489654
12664,-0.5327874826072383,-0.6748872825603845,-0.4600985623659769
12665,-0.405214223575651,-1.373757585892359,-1.684546676724017
12666,0.5957451934414182,-1.373757585892359,-2.305084380689325
12668,-1.111773812058288,1.212369842386592,1.032292442945312
12672,-0.20894767121936295,-1.0837002028772094,-1.0805667497501479
12673,-0.307080947397507,0.023983020771589966,0.125997387415429
12676,-1.2099070882364322,-0.06374678486788676,-0.062004350809098836
12678,0.27190538205354287,-1.0837002028772094,-1.2825396079865143
12681,-1.1412137949117314,2.0442569776553356,1.61627174434048
12682,-1.2197204158542465,1.7876255304781856,1.425594123691206
12683,-0.5131608273716095,1.212369842386592,1.2822358503951354
12686,1.8616644561394764,-0.519463823602249,-0.28863229578319294
12691,-0.7781206730525984,-0.2660743622435596,-0.07321626946528409
12693,-0.6505474140210111,-0.8587142175521938,0.0730282796180949
12705,0.4092919687029445,0.17940647972972534,0.09618377130356429
12708,-0.20894767121936295,0.6351235184640878,0.4390907246987108
12709,-0.8958806044663712,0.37516558618164075,0.5047405531181539
12712,-1.3178536920323907,0.8782767830616999,0.6420227013167864
12720,-1.082333829204845,0.8416088614052395,1.036618629429148
12721,0.3307853477604293,-0.06374678486788676,0.19905798743354453
12724,-0.12062772265903332,-0.384829899545235,-0.6550611207469962
12725,1.7733445075791467,0.2489690060966055,0.7820654006853718
12726,-0.9842005530267008,0.37516558618164075,0.19045891826733585
12727,-0.621107431167568,-0.2660743622435596,-0.31273200024360925
12728,-0.1010010674234045,-0.384829899545235,-0.5943495713499405
12731,-1.082333829204845,1.212369842386592,1.4243871779380566
12734,0.2620920544357284,-1.373757585892359,-1.8205535837350089
12735,-1.0136405358801441,0.4873095803114002,0.48482317719018764
12736,-0.0715610845699613,-1.7825705062091837,-1.5094481437664944
12738,1.8714777837572907,-0.2660743622435596,0.10537833144431942
12744,-0.7486806901991552,1.1032627683867156,1.2678551744301276
12747,-0.49353417213598066,-0.06374678486788676,0.10658081678489577
12748,-0.36596091310439344,3.3624733720541053,2.6583412690976758
12753,0.07563882969725476,0.5882194000465504,0.31522868952081007
12754,-1.3178536920323907,0.4327959410884145,0.6360062289792408
12755,1.1649181952746537,-1.7825705062091837,-2.2245561375119522
12763,1.5672646276050441,-0.2660743622435596,-0.19353269136686732
12764,-0.8762539492307424,0.9136578421046154,0.8726618657735414
12766,-0.022494446480889278,0.9136578421046154,0.7312566959045744
12775,-1.2884137091789474,-0.384829899545235,-0.041962542526308544
12778,-1.1215871396761026,-1.0837002028772094,-0.6367700308385442
12779,-1.3472936748858337,0.31404040378673953,0.346732301817531
12782,-0.7879340006704127,1.0439364387809122,0.7017971042107568
12785,0.9882782981539944,-0.2660743622435596,-0.41121887515756667
12791,2.1364376294382796,-1.373757585892359,-1.5619217290431848
12793,-0.002867791245260471,0.023983020771589966,0.31621438359082565
12797,0.664438486766119,-0.384829899545235,-0.8269652062302342
12808,1.5476379723694154,-0.6748872825603845,-0.6456145412429687
12820,-0.3267076026331358,-0.6748872825603845,-0.5076488145384628
12826,-0.8958806044663712,1.012910707118714,1.0921718022042013
12829,-0.5426008102250527,-0.519463823602249,-0.24615662574200944
12836,-1.1706537777651747,0.539026389111755,0.508737136068533
12838,2.1168109742026506,0.9136578421046154,0.8467081787610418
12839,0.3994786410851301,0.7228533241035645,0.6365501886857987
12841,-1.082333829204845,1.4628826777687451,1.4239610070418087
12842,-1.3374803472680195,-0.15984391422021904,0.4106184924234608
12853,-1.1412137949117314,0.10468661873779295,0.2187367185115762
12854,-0.7486806901991552,0.7228533241035645,0.7458692029501384
12855,1.999051042788878,-1.0837002028772094,-0.3705041371966786
12865,0.6349985039126758,-1.7825705062091837,-1.251656245327599
12867,0.664438486766119,0.7640123744367706,0.6202199668323775
12868,-0.9351339149376289,0.539026389111755,0.9058554248267466
12870,1.22379816098154,-1.7825705062091837,-2.1527693038958065
12872,-0.2874542921618782,1.012910707118714,0.741102520094094
12875,0.9293983324471079,-1.7825705062091837,-3.5312902743971906
12877,-0.21876099883717737,0.023983020771589966,-0.03260017851430576
12908,-1.1019604844404738,-1.7825705062091837,-1.2599238843658975
12913,1.4102513857200136,-1.373757585892359,-1.8820477609194226
12915,1.9499844046998058,-0.384829899545235,-0.1802462821631104
12916,-0.5720407930784959,0.539026389111755,0.6661183646141776
12921,0.1933987611110276,0.980899868665066,0.9399198532939403
12924,-0.2678276369262494,-1.7825705062091837,-2.675597513487654
12928,0.5761185382057894,-0.2660743622435596,-0.9222010613983906
12929,-1.1706537777651747,-0.6748872825603845,-0.3465932311112651
12931,0.3994786410851301,-1.373757585892359,-2.609668098860856
12935,-0.6701740692566399,-1.373757585892359,1.1638937094090913
12939,0.006945536372553933,-1.373757585892359,-1.1999102404109308
12942,1.174731522892468,-0.384829899545235,-0.4074172901543626
12944,0.3307853477604293,-0.384829899545235,-0.2295368282315562
12947,-0.7781206730525984,0.8035569220697675,0.7926043157682872
12951,-0.6309207587853823,-0.519463823602249,-0.3047825560490853
12956,-1.4159869682105346,0.2489690060966055,0.4597860218647266
12957,0.07563882969725476,0.17940647972972534,-0.13730551861022233
12963,1.174731522892468,-0.519463823602249,-0.31873433329882206
12967,0.4583586067920165,-0.06374678486788676,0.02268198079327386
12970,-0.5524141378428671,-1.373757585892359,-0.6976344313088073
12971,-1.2982270367967619,1.012910707118714,0.711520476966748
12980,-0.14025437789466214,-0.8587142175521938,-0.1317233736928326
12989,-0.2678276369262494,-1.373757585892359,-1.4713759172216754
12990,-1.2491603987076898,-1.373757585892359,-0.6767888976042756
12997,-1.0234538634979584,-0.384829899545235,-0.3505864314946378
13000,1.0471582638608807,-0.2660743622435596,-0.35341742426372796
13001,-0.7781206730525984,0.7228533241035645,0.3871930043487245
13002,-0.7781206730525984,-0.6748872825603845,-0.38386073343272326
13004,-0.9155072597020001,1.1861798836433748,0.9175169269297907
13008,-0.49353417213598066,-0.2660743622435596,0.21959957096187818
13011,1.8714777837572907,-1.0837002028772094,-1.2828838529736393
13013,1.832224473286033,0.9136578421046154,0.8694083105554362
13021,0.5564918829701606,-0.519463823602249,0.10395938265395449
13027,0.3209720201426149,-0.8587142175521938,-1.030441137712461
13029,0.27190538205354287,-1.7825705062091837,-3.0424378369636202
13030,1.439691368573457,0.37516558618164075,0.35149211900168925
13033,0.4191052963207589,-0.6748872825603845,-0.5725743094532694
13034,1.586891282840673,-0.8587142175521938,-1.2562459894978864
13047,-1.2884137091789474,0.8416088614052395,0.5065893149557585
13048,-0.2776409645440638,0.4327959410884145,0.5336421418094497
13049,-0.7781206730525984,-1.0837002028772094,-1.2011030799691922
13050,-1.376733657739277,1.663375392543683,1.3136855946697168
13064,-0.2776409645440638,-1.7825705062091837,-1.2797634252065277
13065,2.0088643704066924,-0.384829899545235,-0.023669751497848338
13068,-0.621107431167568,-1.7825705062091837,-3.5478602079631063
13069,-1.3865469853570915,1.7876255304781856,1.1970534398873895
13077,1.2139848333637255,-0.8587142175521938,0.012563626204005087
13078,-0.9155072597020001,0.7640123744367706,0.7046958436525391
13081,-0.21876099883717737,2.328634026092058,1.7718207903864758
13082,0.15414545063977,-0.519463823602249,-0.2618060957100402
13089,-1.2197204158542465,2.7374469464088818,1.9850522545269653
13090,-0.5131608273716095,-0.15984391422021904,-0.05225012826729241
13092,0.615371848677047,-0.8587142175521938,-1.0358800409956586
13093,-1.229533743472061,1.7428067421128866,1.4133360359841274
13094,0.08545215731506917,-0.8587142175521938,-0.836752720494295
13097,0.1345187954041412,0.4873095803114002,0.5277333941387673
13098,-0.8468139663772992,0.2489690060966055,0.30915550018417703
13102,-1.3472936748858337,1.5589798071210779,1.178405971424182
13104,0.3307853477604293,-1.7825705062091837,-1.697887405887131
13107,-0.258014309308435,-0.06374678486788676,0.40034769570748974
13108,1.9892377151710636,-1.0837002028772094,-0.6934608829133159
13110,-1.2099070882364322,-0.2660743622435596,-0.2518798468136117
13113,-1.3472936748858337,0.9478393094285801,1.7385304205915415
13115,0.07563882969725476,-1.373757585892359,-1.223181149064256
13117,-0.6799873968744543,0.10468661873779295,0.24085354493088637
13124,0.5859318658236038,0.980899868665066,0.7329805369587973
13126,-0.0813744121877757,0.4873095803114002,0.30002548833274517
13136,1.0962249019499528,-1.0837002028772094,-1.2711646731364108
13137,-1.327667019650205,1.0740358895136153,1.0720069043771194
13138,1.9107310942285483,-0.384829899545235,-0.008997551846583489
13140,1.2139848333637255,-0.8587142175521938,-0.514653585231629
13141,-1.2099070882364322,0.37516558618164075,0.5356021282679742
13144,-0.0813744121877757,-1.7825705062091837,-2.304952763896999
13145,1.8714777837572907,-1.7825705062091837,-2.8106383943010074
13148,-1.0627071739692162,1.9240843540756347,1.666691361254001
13155,-0.29726761977969257,1.212369842386592,0.9445822148902873
13158,-0.6898007244922687,0.37516558618164075,0.5234346706306767
13161,-1.0528938463514017,-1.373757585892359,-0.7488036531211328
13162,-0.13044105027684771,0.8035569220697675,0.5559667772109597
13165,0.252278726817914,-0.6748872825603845,-0.3872059608351304
13168,-0.768307345434784,1.159291444289721,0.8336823932609659
13173,1.3611847476309418,0.31404040378673953,0.5866954346508007
13174,-0.9449472425554433,2.3867389664257357,1.8352842614348055
13178,0.7429451077086342,0.2489690060966055,0.167977873707222
13183,0.016758863990368338,0.023983020771589966,0.16789531100044675
13187,0.07563882969725476,-0.06374678486788676,-0.08661369412663403
13198,-0.7486806901991552,1.2378966924437296,0.9129917427996608
13199,-1.2393470710898753,0.2489690060966055,0.15902196527149595
13208,-1.3080403644145762,0.17940647972972534,0.3088102371086501
13209,-0.3365209302509502,-0.06374678486788676,-0.7935974068221366
13211,0.7821984181798919,-1.7825705062091837,-2.085453642639357
13221,0.615371848677047,0.539026389111755,0.34460114756982746
13225,0.1345187954041412,-0.6748872825603845,-0.7002907662005824
13230,-1.3080403644145762,1.310814485537099,1.2827063850137668
13233,0.026572191608182742,-0.2660743622435596,-0.08103398880230417
13238,0.6840651420017478,-0.8587142175521938,-0.7437092312453438
13240,1.145291540039025,0.31404040378673953,-0.01626747761310984
13246,-0.3463342578687646,0.4873095803114002,0.3110019143603321
13253,0.20321208872884203,-0.6748872825603845,-0.7115489447480469
13255,2.1168109742026506,-0.8587142175521938,-0.12055941112978756
13263,-0.3954008959578366,0.4873095803114002,0.38140123341430143
13266,0.566305210587975,-1.7825705062091837,-2.1939760554249785
13267,-0.14025437789466214,0.8416088614052395,1.597938399460064
13269,0.8116384010333351,0.4327959410884145,0.4765071470171846
13270,1.2139848333637255,-1.7825705062091837,-1.9502937986119122
13280,-0.964573897791072,1.2378966924437296,1.157546020008225
13284,-0.5131608273716095,-0.519463823602249,-0.4209332966027501
13295,0.6349985039126758,-0.6748872825603845,-0.4382061063372907
13304,0.24246539920009963,-1.0837002028772094,-0.4739908815823758
13305,1.9696110599354348,-1.0837002028772094,-0.7746572532493095
13309,-1.3374803472680195,0.6799423068293861,0.710367735619895
13310,-0.7388673625813408,0.10468661873779295,0.2574843868603811
13313,0.23265207158228524,-1.0837002028772094,-0.7558706032215075
13317,0.5564918829701606,-0.2660743622435596,-0.13393616228742708
13319,0.22283874396447081,1.310814485537099,0.9880164581325867
13324,-1.082333829204845,-0.384829899545235,0.32607078019102836
13327,1.0962249019499528,-0.2660743622435596,-0.3675122701043383
13328,-0.9449472425554433,-0.06374678486788676,0.29606180376800095
13329,0.31115869252480044,-0.6748872825603845,-0.6116429005959865
13330,-0.9842005530267008,-0.384829899545235,-0.07345757287441307
13368,0.11489214016851237,-1.7825705062091837,-1.5647982147162707
13369,0.31115869252480044,0.023983020771589966,0.06642599106401866
13370,1.2041715057459113,0.7228533241035645,0.5525367962953519
13385,-0.20894767121936295,0.31404040378673953,0.5358483946540866
13394,-1.2687870539433186,-0.06374678486788676,-0.12417336329092095
13396,-1.082333829204845,-0.06374678486788676,0.29749001299623135
13397,0.21302541634665642,-0.8587142175521938,-0.683955573819494
13402,1.8714777837572907,-0.15984391422021904,-0.03862949983173712
13405,-0.7781206730525984,-1.0837002028772094,-1.0746497377152202
13408,-1.1019604844404738,1.310814485537099,1.15907015488019
13418,0.6055585210592326,0.7640123744367706,0.634602387734496
13426,0.06582550207944035,0.10468661873779295,-0.21295742770751244
13448,0.7821984181798919,0.6799423068293861,0.3763390062007149
13451,-0.022494446480889278,0.17940647972972534,0.14586522666699747
13455,-0.258014309308435,0.539026389111755,0.4970919599030654
13458,-0.3954008959578366,0.9478393094285801,0.6535215062365758
13468,-1.229533743472061,1.212369842386592,1.2040369578996293
13473,-0.18932101598373416,-1.0837002028772094,-0.6420826129773584
13481,1.4298780409556424,-1.7825705062091837,-3.0710832579803244
13487,0.27190538205354287,-1.0837002028772094,-0.9715649627178399
13488,-1.3080403644145762,1.8982302010710228,1.3886535982741128
13491,-1.229533743472061,0.6799423068293861,0.7066386679083222
13494,-1.1706537777651747,-0.06374678486788676,-0.16974764978713494
13495,0.6349985039126758,0.10468661873779295,0.19248373663632365
13496,0.47798526202764535,0.023983020771589966,0.02255484910441957
13497,1.5280113171337866,-0.2660743622435596,-0.305631463919598
13502,-0.4739075169003519,-1.7825705062091837,-1.6211254988448467
13506,-1.1314004672939169,0.6351235184640878,0.6171106673735856
13520,-0.43465420642909425,0.5882194000465504,0.6181751529915361
13523,1.22379816098154,0.10468661873779295,0.07216035276261193
13527,-0.29726761977969257,-1.7825705062091837,-2.064620376004278
13531,1.2139848333637255,-0.8587142175521938,0.9632748158860684
13534,-0.9547605701732577,0.7228533241035645,0.6161935185947139
13538,-0.9842005530267008,-1.7825705062091837,-2.528010064383714
13539,-1.2982270367967619,-0.2660743622435596,-0.15752537487724366
13551,-0.6701740692566399,-1.0837002028772094,-0.2648203826122712
13552,-0.9842005530267008,-1.0837002028772094,-1.0377692265633756
13564,0.28171870967135726,1.26279318504311,1.0957793468395385
13565,-0.022494446480889278,-0.2660743622435596,-0.28372026330223354
13569,1.3808114028665706,-0.06374678486788676,0.14514812692728585
13576,-1.2491603987076898,0.31404040378673953,0.21980135503401874
13579,1.5672646276050441,-0.6748872825603845,-0.7200283620628408
13581,-1.2982270367967619,-0.6748872825603845,-0.32511438479772276
13584,-1.3963603129749058,0.37516558618164075,0.43426044801911745
13593,0.016758863990368338,0.10468661873779295,0.3624358431730692
13599,-0.258014309308435,0.4327959410884145,0.12764413232408683
13600,-1.1314004672939169,0.17940647972972534,0.4078501387323149
13606,-1.1706537777651747,-1.0837002028772094,-0.9520752957801297
13611,0.6546251591483045,-0.8587142175521938,-0.1884021559376881
13614,-0.18932101598373416,-0.519463823602249,-0.6229556303687538
13615,-1.082333829204845,0.10468661873779295,0.18328320282329993
13627,0.4387319515563877,0.2489690060966055,0.15804402433826645
13629,-1.2099070882364322,-0.6748872825603845,-0.2190202410315665
13634,-0.2776409645440638,-0.15984391422021904,-0.12993984894627628
13649,1.2139848333637255,-0.519463823602249,-0.5244790944857772
13652,1.5476379723694154,-0.6748872825603845,-0.7469032330712888
13656,0.08545215731506917,-0.15984391422021904,0.22357209506159587
13659,-0.5818541206963103,1.0439364387809122,0.7132224393970207
13668,-1.2982270367967619,1.012910707118714,0.7560628309517545
13672,-0.1010010674234045,-1.0837002028772094,-1.1936509819654317
13680,0.06582550207944035,1.3566522297454047,0.959163639483385
13693,-0.3954008959578366,-1.7825705062091837,-2.1593048549648253
13694,-1.3080403644145762,1.1861798836433748,0.9215124214208408
13700,-0.2776409645440638,0.2489690060966055,-0.04005977934596996
13703,-0.7388673625813408,-1.7825705062091837,-1.2143921056822027
13705,2.1364376294382796,-0.384829899545235,-0.10957814369567172
13707,-1.0136405358801441,0.7228533241035645,0.6782701100571739
13709,-1.0234538634979584,0.539026389111755,0.388972387301694
13715,0.07563882969725476,1.4425131623366603,1.0681471700844563
13725,-1.3374803472680195,0.980899868665066,0.7725719721336545
13728,-1.229533743472061,-0.6748872825603845,-0.29296330025234907
13742,-0.621107431167568,1.310814485537099,1.173757538378412
13747,2.1364376294382796,-1.7825705062091837,-1.5325237083909768
13748,2.156064284673908,-1.7825705062091837,-3.4884934797784726
13750,0.06582550207944035,-1.7825705062091837,-3.4123622098204147
13754,-0.8468139663772992,-0.6748872825603845,-0.2928517306972347
13756,0.5564918829701606,-0.2660743622435596,0.08151865464285159
13758,0.006945536372553933,0.4873095803114002,0.25223891740848775
13764,0.09526548493288357,0.9478393094285801,0.6885263830268108
13767,-0.0715610845699613,1.1861798836433748,0.9546089949615806
13769,-0.5622274654606815,0.6351235184640878,0.5577722078956441
13777,-1.2393470710898753,1.4217236274355392,1.0240572923250169
13782,-0.2678276369262494,0.6799423068293861,0.530542305012578
13784,-1.1902804330008034,-0.8587142175521938,-1.0752180391705448
13786,1.3611847476309418,-1.373757585892359,-0.6639919398189008
13787,0.97846497053618,-0.6748872825603845,-0.9144840427343586
13798,-0.621107431167568,1.7729061928455898,1.2950857665210243
13800,-1.2884137091789474,0.7228533241035645,0.5326436962859179
13802,-1.1706537777651747,0.023983020771589966,-0.09352132616953758
13807,1.3317447647774985,-0.8587142175521938,-0.12250140005750221
13815,-0.7290540349635264,1.012910707118714,1.1293882432429787
13817,0.252278726817914,-1.373757585892359,-1.4640064628377187
13819,-1.2982270367967619,0.31404040378673953,0.4884012440565444
13824,-1.2393470710898753,-0.15984391422021904,-0.359840230348386
13829,0.566305210587975,-1.7825705062091837,-2.8109180559902063
13831,1.7046512142544459,-1.373757585892359,-1.0558947659214526
13837,-0.8075606559060416,-0.6748872825603845,-0.20888014255086418
13838,1.753717852343518,1.131666244420389,0.9803565232941953
13842,-1.2982270367967619,0.4873095803114002,1.0868187579563835
13846,0.664438486766119,-0.2660743622435596,-0.0723605786932151
13848,1.2139848333637255,-1.7825705062091837,-1.6572805534092754
13854,-1.2099070882364322,0.7640123744367706,0.47327780715075457
13859,-0.35614758548657904,0.37516558618164075,0.3261881822888564
13862,-0.258014309308435,0.4873095803114002,0.5594069585685061
13869,-1.082333829204845,1.26279318504311,1.4070667559314103
13871,-1.3080403644145762,0.37516558618164075,0.5288356110247963
13873,-1.258973726325504,-1.0837002028772094,-0.8998623204465666
13874,0.4681719344098309,-0.06374678486788676,-0.26808223837160816
13880,1.3611847476309418,-0.6748872825603845,-0.15083786720816403
13881,-1.1510271225295456,-0.384829899545235,0.1984933908666623
13883,-0.35614758548657904,-1.7825705062091837,-2.4351092195492297
13890,-0.8468139663772992,-0.2660743622435596,0.037508883534911205
13894,-1.2393470710898753,-0.519463823602249,-0.4341193647093466
13898,-0.36596091310439344,-1.373757585892359,-0.9369291064019383
13901,-0.6898007244922687,-0.2660743622435596,-0.48328698119771657
13911,-1.376733657739277,0.2489690060966055,0.48695752486644744
13922,0.252278726817914,-1.0837002028772094,-0.9562596908837219
13929,-0.5622274654606815,-1.373757585892359,0.3525564344090951
13939,-1.229533743472061,-0.06374678486788676,-0.03333528582835763
13941,1.7733445075791467,-0.15984391422021904,-0.3215023073053252
13948,0.7723850905620775,-1.373757585892359,-1.5299893314178894
13953,0.2620920544357284,-1.7825705062091837,-3.16281245924054
13958,1.8812911113751052,-0.8587142175521938,-0.775694078859977
13959,0.8901450219758503,-0.384829899545235,-0.2409432603482223
13963,-1.3669203301214627,0.37516558618164075,0.7937528800858429
13969,-0.5524141378428671,0.4873095803114002,0.5104282546810146
13982,-0.3267076026331358,0.980899868665066,0.707868731359913
13983,-0.3463342578687646,0.4873095803114002,1.295939808756727
13984,-0.3954008959578366,-0.8587142175521938,-1.5255667747525512
13993,-0.17950768836591974,-1.0837002028772094,-0.6970229213382388
13999,-0.5426008102250527,0.5882194000465504,0.4984555407659489
14001,2.077557663731393,-0.519463823602249,-0.20445922253877868
14006,-1.1314004672939169,-0.8587142175521938,-0.5078748038762579
14016,0.4191052963207589,0.37516558618164075,0.08667884795298025
14030,1.1845448505102825,0.4327959410884145,0.7707910262030507
14031,-0.4640941892825375,0.6351235184640878,0.5647976849171646
14032,0.252278726817914,0.539026389111755,0.6998102934184398
14037,1.0177182810074374,0.37516558618164075,-0.0007218941607436196
14040,-1.033267191115773,1.212369842386592,1.1419410379244253
14044,-1.278600381561133,1.3788126101613607,1.0729737370050372
14045,0.1345187954041412,-0.8587142175521938,-1.534691744268953
14047,0.07563882969725476,-0.8587142175521938,-0.9605590850883077
14049,-0.7977473282882273,1.6125281454365896,1.3560303505150286
14051,-1.0234538634979584,0.7640123744367706,0.6257683034433228
14057,0.6840651420017478,0.7228533241035645,0.547991656328585
14060,-0.7879340006704127,0.8035569220697675,0.6730242441564293
14062,-0.49353417213598066,1.0740358895136153,0.8520220233335409
14068,-0.621107431167568,-0.06374678486788676,0.254892888145013
14078,2.077557663731393,-1.0837002028772094,0.3197846542353259
14081,1.5672646276050441,0.7640123744367706,0.8937660183719651
14082,1.0373449362430665,0.539026389111755,0.3350511729436483
14083,0.29153203728917165,1.3566522297454047,1.0753390410465602
14085,-1.2884137091789474,1.858161747621696,1.4230447633772958
14088,-0.5426008102250527,1.5024272254017421,1.2560755996936008
14090,-0.41502755119346546,-1.7825705062091837,-2.9263077975308627
14092,-0.5524141378428671,0.8416088614052395,0.47453585742112403
14099,-0.258014309308435,1.1032627683867156,0.9841015185324223
14101,-0.3267076026331358,-1.7825705062091837,-1.6130985106273787
14107,0.3209720201426149,-0.15984391422021904,-0.17523798264373225
14113,-1.1608404501473601,-0.384829899545235,-0.5669033898759682
14114,-0.17950768836591974,-0.6748872825603845,-0.18092355355846373
14119,0.31115869252480044,-1.7825705062091837,-2.863256689497769
14127,-1.229533743472061,0.17940647972972534,0.22387296244269198
14130,-0.6799873968744543,1.287089703378525,1.317369858348139
14133,-1.2884137091789474,0.023983020771589966,0.21064496663797463
14135,-0.307080947397507,1.159291444289721,0.8808284300259094
14142,2.018677698024507,0.6351235184640878,0.5807719284099266
14146,-0.9743872254088864,1.012910707118714,1.288926486071084
14150,0.6546251591483045,-0.519463823602249,-0.46677487213124863
14156,-1.2884137091789474,1.3339938217960619,1.1775952017020188
14159,0.9490249876827367,0.6799423068293861,0.35197177191812623
14161,1.635957920929745,0.17940647972972534,0.38756211451211825
14167,-0.15988103313029092,-0.384829899545235,-0.06717889517106253
14175,-0.5622274654606815,-0.384829899545235,0.12904541961394733
14176,-0.307080947397507,-0.2660743622435596,-0.7122596581863597
14180,-1.2687870539433186,1.287089703378525,1.784862387464985
14185,-0.15006770551247653,-1.7825705062091837,-1.745327159044992
14188,-1.2393470710898753,-0.2660743622435596,-0.07417726677836914
14189,-0.768307345434784,0.8416088614052395,0.8375567253987903
14194,-1.376733657739277,0.5882194000465504,0.6999089516993441
14201,0.6055585210592326,-1.0837002028772094,-1.0181641544639113
14205,1.1158515571855816,-0.15984391422021904,0.007750708411486645
14206,0.7723850905620775,-1.7825705062091837,-1.1046607411560005
14209,-0.1010010674234045,-0.2660743622435596,0.27973950342639764
14210,0.21302541634665642,0.4327959410884145,0.5425373575028634
14213,1.8616644561394764,-1.373757585892359,-1.8663261125302517
14215,-1.0234538634979584,0.980899868665066,0.5507974760243544
14217,-1.2000937606186177,0.023983020771589966,-0.2939551154003466
14220,0.4681719344098309,-0.15984391422021904,-0.30159704699775364
14221,0.20321208872884203,-0.06374678486788676,0.2607881184025946
14224,-0.6112941035497536,0.6799423068293861,0.631684936550233
14229,-1.0136405358801441,0.10468661873779295,0.1209796402930784
14233,-1.2197204158542465,0.10468661873779295,0.24285023390250962
14236,1.8616644561394764,-1.0837002028772094,-1.1709039184427332
14237,2.077557663731393,-0.519463823602249,-0.3642416595047023
14238,-0.3365209302509502,-0.6748872825603845,-0.26423530601476974
14239,-0.9351339149376289,-1.0837002028772094,-0.7333186161456249
14242,-0.35614758548657904,-0.6748872825603845,-0.3120428655638816
14243,-0.817373983523856,0.2489690060966055,0.6100458094092279
14248,-0.7781206730525984,-1.7825705062091837,-1.2314221029309522
14256,1.0177182810074374,0.31404040378673953,0.46286376534238505
14257,-0.6996140521100832,0.4873095803114002,0.6491071698983466
14258,0.12470546778632678,-0.06374678486788676,-0.12132638440881599
14264,1.8714777837572907,-1.7825705062091837,-2.638678328546937
14270,-0.13044105027684771,0.023983020771589966,0.12459675974902176
14282,1.3808114028665706,-0.2660743622435596,-0.18064034875723345
14290,-0.9351339149376289,0.10468661873779295,0.5539149807972293
14292,-0.35614758548657904,-1.0837002028772094,-0.6503938770140998
14293,1.5476379723694154,-0.6748872825603845,-0.30097238333538595
14295,-0.09118773980559011,-1.373757585892359,-1.2791068361719073
14298,-1.1019604844404738,2.16175298110072,1.5964787046376747
14299,-0.9253205873198145,0.5882194000465504,0.49306182309537594
14307,-0.44446753404690864,1.159291444289721,1.1398088870454688
14309,-1.258973726325504,-0.384829899545235,-0.33821385100525214
14312,-1.229533743472061,-0.15984391422021904,0.5111930181980436
14320,-0.5229741549894239,0.4327959410884145,0.4357732323359277
14321,-0.05193442933433249,0.37516558618164075,0.29550222952823363
14329,-0.23838765407280618,1.012910707118714,0.7717076083245826
14334,-0.6407340864031967,0.4327959410884145,0.5356937728302391
14341,-0.8468139663772992,0.10468661873779295,0.1019036686044534
14344,0.4681719344098309,0.17940647972972534,0.09741383668860021
14355,1.1551048676568392,-0.2660743622435596,-0.07983854862168557
14368,-0.6309207587853823,-0.2660743622435596,0.014168597632640476
14373,0.48779858964545975,-1.7825705062091837,-1.483376699323943
14388,1.1943581781280967,-0.06374678486788676,0.08208563243320456
14389,-0.7388673625813408,-1.7825705062091837,-0.5647251240160434
14390,1.9696110599354348,0.6351235184640878,0.5697154923498559
14395,-0.022494446480889278,1.1032627683867156,0.6450562475145483
14396,1.783157835196961,0.7640123744367706,0.7475127971139253
14401,-1.0234538634979584,0.10468661873779295,0.14304705738336757
14404,-0.2776409645440638,0.7228533241035645,0.5642783033910135
14409,-0.6996140521100832,0.023983020771589966,0.2913660474958945
14410,-1.4159869682105346,-0.519463823602249,-0.20708171248524937
14411,-1.2197204158542465,-0.2660743622435596,-0.5518502246602541
14413,0.8999583495936647,-0.6748872825603845,0.3211527931248163
14414,0.5466785553523461,-0.8587142175521938,-1.1427502382079484
14415,-0.3954008959578366,1.3788126101613607,1.3199070157828343
14419,1.0373449362430665,-0.2660743622435596,0.02078480869573916
14426,-1.082333829204845,0.7640123744367706,0.6241872618791255
14428,-0.3954008959578366,-0.2660743622435596,-0.13892090836653426
14437,1.174731522892468,-1.373757585892359,-1.3895190572029417
14438,-1.4159869682105346,-0.6748872825603845,-0.6928769844780008
14439,-0.6407340864031967,0.4327959410884145,0.43560703722459704
14440,-0.8762539492307424,0.31404040378673953,0.8373667664595925
14441,-0.5426008102250527,-1.373757585892359,-2.308250953046698
14442,-1.1412137949117314,0.5882194000465504,0.6718158465911483
14443,-1.2491603987076898,0.37516558618164075,0.32126317500030166
14448,0.9686516429183656,-0.2660743622435596,-0.46201257996643325
14449,1.9205444218463628,0.9136578421046154,1.0147621822728192
14450,-0.5720407930784959,-1.0837002028772094,-0.32778441005126097
14457,-1.2197204158542465,-1.7825705062091837,0.03511807071125762
14460,-1.229533743472061,-1.373757585892359,-0.850335013353016
14462,-1.3571070025036482,1.2378966924437296,1.1391031354338332
14466,-1.3178536920323907,0.023983020771589966,0.181518484727633
14467,-1.1019604844404738,-0.15984391422021904,0.37831393370043054
14472,0.006945536372553933,0.9136578421046154,0.9120444619285455
14479,1.145291540039025,-0.6748872825603845,-0.8995218966617072
14487,1.4593180238090857,0.023983020771589966,0.07402424998062919
14491,1.9597977323176203,-1.0837002028772094,-0.6972866416113268
14496,-1.1510271225295456,-1.0837002028772094,-0.44185886779904177
14497,-1.2982270367967619,0.539026389111755,0.4193985254447067
14498,0.8508917115045926,-0.519463823602249,-0.48365314541108434
14501,-0.6309207587853823,-0.8587142175521938,-0.3065082356784996
14502,-1.1215871396761026,0.6351235184640878,0.7848144743767863
14505,0.04619884684381155,2.1100361723003647,1.3567518818212012
14506,1.5967046104584874,0.980899868665066,0.9765786343784865
14514,-0.15988103313029092,-0.06374678486788676,-0.10385453340355659
14524,0.7625717629442631,-0.384829899545235,-0.2751139119563966
14525,-0.3267076026331358,0.4873095803114002,0.22134330389015555
14527,-1.1019604844404738,1.9978921781706054,1.6072119567352388
14532,-1.033267191115773,0.023983020771589966,0.15629894898478694
14533,0.2620920544357284,-0.519463823602249,-0.10094437140390831
14534,-0.7388673625813408,0.6799423068293861,0.8122923932112166
14540,-1.2982270367967619,-0.06374678486788676,-0.03349132126235852
14541,-0.9547605701732577,1.310814485537099,1.4426721391243178
14543,-0.7094273797278976,-0.06374678486788676,0.3678120757807672
14544,0.8410783838867782,0.8416088614052395,0.8016958701544048
14548,-0.7781206730525984,-1.373757585892359,-1.057943832259134
14549,-1.1902804330008034,0.9478393094285801,1.029393355633374
14553,0.20321208872884203,-0.519463823602249,-0.38527514595876855
14560,-1.3178536920323907,0.17940647972972534,0.21175344657829856
14565,0.8312650562689639,0.4327959410884145,0.1913238007892922
14572,-0.4739075169003519,1.3339938217960619,0.8640963294736358
14573,1.8616644561394764,1.159291444289721,1.068540788781389
14576,1.8714777837572907,-1.7825705062091837,-2.1184172190919095
14577,0.9490249876827367,0.539026389111755,0.3662828568705345
14587,-1.180467105382989,1.6125281454365896,1.2950814566357511
14589,1.8420378009038474,-1.7825705062091837,-1.1280555008216215
14594,2.0579310084957645,0.8035569220697675,0.7581340897958462
14595,-1.0430805187335872,-0.6748872825603845,-0.45925711193845187
14600,-1.4159869682105346,-1.373757585892359,-0.49893867824027477
14606,-1.4159869682105346,3.2352547374255543,2.483469544529274
14608,0.8803316943580359,-1.7825705062091837,-3.243565808418663
14616,-0.817373983523856,-1.7825705062091837,-1.697887405887131
14618,0.12470546778632678,-1.0837002028772094,-0.6697900121251503
14621,0.5270519001167173,0.023983020771589966,0.5166144204598021
14625,0.8018250734155207,0.10468661873779295,0.3930792635031928
14627,-1.1608404501473601,-0.8587142175521938,-0.5908516623649078
14639,0.48779858964545975,0.6799423068293861,0.4792290168940651
14643,0.27190538205354287,-0.06374678486788676,-0.14729438753884813
14646,-0.5327874826072383,2.3026688988183506,1.798600322866093
14653,0.1639587782575844,0.4327959410884145,0.3166326009212245
14657,-0.3463342578687646,1.0740358895136153,0.9234969982049733
14659,-1.0038272082623296,0.6351235184640878,0.9015760988947883
14662,-0.964573897791072,0.4873095803114002,0.6808031612161847
14665,-1.2197204158542465,0.10468661873779295,0.8274696799172686
14667,-0.3365209302509502,1.8305365477523636,1.9243137077150279
14669,-0.1010010674234045,1.3339938217960619,0.9997790615031863
14672,0.026572191608182742,0.37516558618164075,0.3009904171028041
14673,1.3808114028665706,-0.384829899545235,0.06127742103320199
14679,1.8616644561394764,-1.7825705062091837,-1.5325237083909768
14680,-0.7290540349635264,1.212369842386592,1.095347497264346
14684,0.9097716772114791,0.7640123744367706,0.517370208261511
14688,-1.1019604844404738,1.212369842386592,1.0681437162671252
14692,-0.6505474140210111,0.4873095803114002,0.8196051366188629
14696,-0.36596091310439344,0.8416088614052395,0.579719681862527
14701,-0.9056939320841857,1.212369842386592,1.1211881822385772
14702,-0.9743872254088864,1.287089703378525,1.1393951535120916
14708,0.7527584353264486,-0.2660743622435596,0.40661556965652557
14709,-1.0234538634979584,0.4327959410884145,0.42511141715656653
14713,-0.5131608273716095,1.4628826777687451,1.0909836034328477
14715,-0.15006770551247653,-0.384829899545235,-0.7000980988850966
14723,0.4583586067920165,1.287089703378525,1.0756934601848038
14729,2.0873709913492076,1.310814485537099,1.1368169694230181
14732,0.21302541634665642,-0.6748872825603845,-1.018164154463912
14733,-0.8468139663772992,1.8444437574950243,1.3575831530118927
14735,-1.2491603987076898,0.539026389111755,0.5306192543471175
14737,0.27190538205354287,-1.373757585892359,-1.1907181728675258
14738,-0.9253205873198145,-0.15984391422021904,0.21079989232435453
14739,0.1639587782575844,0.023983020771589966,-0.2697793640801361
14741,0.8508917115045926,-0.2660743622435596,-0.013102599888938549
14744,-1.1412137949117314,-0.15984391422021904,0.09393814339392059
14748,-0.14025437789466214,0.539026389111755,0.07443057649229941
14755,-0.012681118863074875,0.4873095803114002,0.400618590413686
14761,-0.002867791245260471,-1.0837002028772094,-0.33068724082249684
14766,1.106038229567767,-0.6748872825603845,-0.4415967107858717
14769,-0.41502755119346546,1.0740358895136153,0.8406202898600278
14770,-0.5033474997537951,-0.15984391422021904,-0.0887598592153281
14775,1.8812911113751052,-0.15984391422021904,0.0006270321881062188
14776,-1.1019604844404738,0.539026389111755,0.44858299661134937
14777,0.48779858964545975,-1.7825705062091837,-2.094625287191267
14778,-1.3178536920323907,0.31404040378673953,0.4096355479965853
14779,-0.5426008102250527,0.5882194000465504,1.1583194660571774
14782,-0.6407340864031967,-1.0837002028772094,-0.749567922888183
14784,-0.4739075169003519,-1.0837002028772094,-1.1916943523912948
14794,-0.03230777409870368,-0.6748872825603845,-0.4341922690728841
14796,-0.6309207587853823,1.949292085054039,1.5385815288233091
14798,-1.2491603987076898,-0.6748872825603845,-0.1872966258173599
14800,0.006945536372553933,1.858161747621696,1.3499117677973957
14805,-1.033267191115773,0.31404040378673953,0.468116325384043
14810,-1.3865469853570915,0.7640123744367706,0.9866753439634072
14813,1.7144645418722602,0.8035569220697675,0.4187443339661047
14821,1.321931437159684,-1.7825705062091837,-0.9732089146897194
14825,0.5466785553523461,0.023983020771589966,0.19396578896223302
14828,0.06582550207944035,-1.0837002028772094,-1.003850978143306
14829,0.566305210587975,0.539026389111755,0.7339857271530543
14841,0.5564918829701606,0.023983020771589966,0.2782897798982134
14842,-1.376733657739277,-1.373757585892359,-1.471413918649526
14849,-0.8468139663772992,1.012910707118714,0.840963189032527
14850,-1.1706537777651747,0.10468661873779295,0.013595240323324749
14865,1.8714777837572907,-1.7825705062091837,-2.293988106430219
14866,1.2139848333637255,-1.7825705062091837,-2.848304016177519
14867,0.016758863990368338,-0.2660743622435596,-0.30964990947339216
14871,0.7429451077086342,-0.2660743622435596,-0.32115996370680555
14878,0.5368652277345317,-0.519463823602249,-0.26542486819328426
14889,0.026572191608182742,-0.384829899545235,-0.675975364859217
14895,-0.5131608273716095,-1.7825705062091837,-1.8959251756993043
14896,1.145291540039025,0.539026389111755,0.5451684084524349
14898,-0.3365209302509502,-0.15984391422021904,0.057924132949489004
14901,0.7527584353264486,0.8035569220697675,0.7744445165182691
14907,0.7527584353264486,0.5882194000465504,0.8084190279204105
14911,-1.3178536920323907,3.1890126392030695,2.3954199817286996
14913,0.5957451934414182,-0.384829899545235,-0.289924744324092
14916,-0.45428086166472303,-0.384829899545235,0.26792787901828524
14932,1.1551048676568392,-1.0837002028772094,-0.4292044802072421
14944,0.2620920544357284,-1.7825705062091837,-2.389109986338745
14952,0.9980916257718088,-0.384829899545235,-0.6199251919818448
14961,0.07563882969725476,0.4873095803114002,0.5408154683601256
14970,-0.9056939320841857,-0.8587142175521938,-0.017189396618511408
14976,-0.29726761977969257,-0.06374678486788676,-0.29426412546342134
14978,-0.817373983523856,0.9478393094285801,0.7607998678284559
14985,0.4485452791742021,1.0439364387809122,0.7664654283046741
14987,1.1551048676568392,-1.7825705062091837,-1.0603080197008132
15002,0.1933987611110276,0.7228533241035645,0.5516816812082936
15005,-1.2393470710898753,1.8164348252820153,1.3637609019483359
15012,2.077557663731393,0.980899868665066,0.9158970939611363
15018,1.3906247304843848,-1.7825705062091837,-1.070475925810022
15021,1.292491454306241,0.539026389111755,0.64962128493321
15023,-0.3954008959578366,1.287089703378525,1.165459530411513
15024,1.321931437159684,0.539026389111755,0.7773541197382485
15028,1.488758006662529,-0.384829899545235,-0.29044765264441913
15032,1.2336114885993545,0.4873095803114002,0.20184874909137968
15033,-0.22857432645499176,0.2489690060966055,0.6629782204503947
15034,0.14433212302195558,1.131666244420389,0.9417642953805929
15038,1.7439045247257035,0.7228533241035645,0.3485388550472442
15039,-1.1608404501473601,2.563821684158874,1.9858289100270399
15044,-0.0715610845699613,1.521632696000846,1.197757064261714
15046,-1.229533743472061,0.6351235184640878,0.6666510292593069
15048,1.518197989515972,-0.6748872825603845,0.055769045004166955
15052,-0.6799873968744543,0.539026389111755,0.48704374302108755
15057,-0.9743872254088864,0.4327959410884145,0.44727746762781806
15058,-1.1412137949117314,1.0740358895136153,0.934401231744238
15059,-0.5720407930784959,0.37516558618164075,0.3499806040698481
15061,-0.7781206730525984,1.949292085054039,1.6099295110244105
15062,0.5761185382057894,-0.384829899545235,-0.8265725890292611
15070,1.9794243875532491,-1.7825705062091837,-0.7345722376739194
15078,-0.6701740692566399,0.980899868665066,0.8926196023878701
15079,-1.0136405358801441,0.4327959410884145,0.7117408014715348
15081,1.3317447647774985,-0.8587142175521938,-0.6657169563924884
15090,-1.3669203301214627,0.31404040378673953,0.35883506324014147
15093,0.1639587782575844,0.4327959410884145,0.6143113035803552
15100,-0.20894767121936295,-0.519463823602249,-0.23834261222867187
15101,0.07563882969725476,-0.8587142175521938,-1.15366679441339
15107,-1.2000937606186177,0.10468661873779295,0.03859098688730844
15110,-0.7094273797278976,-0.15984391422021904,0.11326015407611519
15111,1.9696110599354348,-0.15984391422021904,0.4050308863142549
15139,0.05601217446162595,-0.8587142175521938,-1.0655594944556324
15144,-1.1019604844404738,-0.06374678486788676,0.6670043344383563
15157,0.4092919687029445,0.7640123744367706,0.47536559062855505
15159,-0.9940138806445152,1.5024272254017421,1.1174647673109752
15160,0.4191052963207589,-1.0837002028772094,-0.8705937457843091
15164,0.21302541634665642,-0.6748872825603845,-0.8080345231052181
15165,2.0579310084957645,0.10468661873779295,0.26631549375938607
15167,-0.5916674483141248,0.2489690060966055,0.37377770408019306
15171,-0.43465420642909425,-1.0837002028772094,-1.6123010676178826
15174,-0.5131608273716095,-1.7825705062091837,-0.6962443527237865
15179,-0.6701740692566399,0.8416088614052395,0.6149749205268253
15180,1.3513714200131273,-0.519463823602249,-0.6404612832045121
15181,0.7527584353264486,-1.373757585892359,-2.0717410536422727
15189,-1.1019604844404738,-0.384829899545235,-0.043377326818547786
15192,1.0962249019499528,-0.15984391422021904,-0.27600287437599785
15194,-1.1314004672939169,1.577147086393675,1.8440673226816786
15197,-0.13044105027684771,-1.0837002028772094,-2.0131120983349864
15199,-1.3669203301214627,-1.7825705062091837,-1.5285394905827046
15203,-1.180467105382989,-0.519463823602249,-1.1713168786769408
15204,0.4191052963207589,-0.384829899545235,-0.9563655177588062
15208,0.27190538205354287,-1.7825705062091837,-1.911705053981586
15211,1.0864115743321383,-0.2660743622435596,-0.1532372731244639
15213,-0.7290540349635264,-0.15984391422021904,-0.49547715932226966
15215,-0.8468139663772992,-1.373757585892359,-1.1885207146172376
15218,-0.7094273797278976,0.31404040378673953,0.3595701701255014
15221,1.2336114885993545,-0.6748872825603845,-0.9624610043496045
15222,-0.6799873968744543,-0.6748872825603845,-0.3345307648330991
15224,0.48779858964545975,-0.15984391422021904,-0.9024454340198012
15226,-1.229533743472061,-0.384829899545235,-0.38446224675152213
15227,-0.8468139663772992,-0.6748872825603845,-0.20513259884892848
15235,-1.2982270367967619,1.1032627683867156,1.0696530665174329
15240,-1.1510271225295456,0.023983020771589966,0.2610928789503912
15246,0.5564918829701606,-0.519463823602249,-1.062391285380811
15260,1.9696110599354348,-0.15984391422021904,0.06841695462491189
15262,-0.48372084451816627,-0.15984391422021904,0.13899405555280908
15266,0.1639587782575844,-0.8587142175521938,-0.5678122678473122
15270,-1.2393470710898753,-0.2660743622435596,-0.36471626233369314
15271,0.1345187954041412,0.37516558618164075,0.6487136622719479
15279,0.3307853477604293,-0.384829899545235,0.10047004209235377
15281,-0.5622274654606815,0.8782767830616999,0.6345101218384172
15288,1.1158515571855816,-0.06374678486788676,0.32972667839628156
15290,-0.258014309308435,-0.384829899545235,-0.5691283692284049
15291,-0.6505474140210111,0.17940647972972534,-0.2299669146042972
15296,-0.3168942750153214,0.980899868665066,1.0428628687971264
15298,-0.41502755119346546,0.4327959410884145,0.2332474331044233
15299,1.8812911113751052,-1.7825705062091837,-1.000998223097563
15301,1.518197989515972,0.4327959410884145,0.6435834552560338
15304,1.5280113171337866,-1.0837002028772094,-1.14906724384332
15311,-1.2982270367967619,3.2421843641589736,2.63920428226977
15312,0.3209720201426149,-0.6748872825603845,-0.5481727114384792
15316,-0.307080947397507,-1.7825705062091837,-2.304821172914419
15326,-0.05193442933433249,-0.06374678486788676,0.11677289547621122
15329,1.0962249019499528,-1.7825705062091837,-1.8278179597135475
15332,1.22379816098154,0.4327959410884145,0.4033471191501305
15339,-0.7388673625813408,1.0439364387809122,0.8450679818985204
15346,-0.0813744121877757,-0.384829899545235,-0.43641560162471504
15347,1.2139848333637255,-1.373757585892359,-1.8196590230436587
15350,2.067744336113579,-1.0837002028772094,-0.6556355471085078
15351,1.7242778694900747,0.7640123744367706,1.748412034903761
15353,1.3906247304843848,-0.8587142175521938,-0.2709724518177437
15356,0.7527584353264486,1.6297637227600832,1.2726227891506043
15358,-1.1412137949117314,1.8021330717186905,1.3291080285869226
15361,0.8705183667402215,-0.6748872825603845,-0.7438891334886091
15363,1.9499844046998058,-1.373757585892359,-0.2040969149814669
15365,-1.0136405358801441,-0.15984391422021904,0.2071371886190288
15366,0.48779858964545975,-0.519463823602249,-0.10251893643870208
15370,-0.0813744121877757,-1.373757585892359,-1.7525103598712757
15373,-0.8075606559060416,0.37516558618164075,0.3344871250845939
15379,-0.49353417213598066,1.6959026236953494,1.352636520804334
15380,1.0962249019499528,-1.7825705062091837,-1.0497645691974604
15384,0.6349985039126758,0.17940647972972534,0.11954009385820383
15392,0.47798526202764535,-0.06374678486788676,0.061045094453665176
15394,0.5270519001167173,0.31404040378673953,0.41780509077700595
15395,-0.36596091310439344,-0.519463823602249,-0.1967721057739882
15415,-1.0627071739692162,1.212369842386592,1.0622054318377898
15421,-1.2393470710898753,-1.373757585892359,-0.5669527537975674
15422,-0.5131608273716095,-0.8587142175521938,-0.9545159526651429
15426,1.439691368573457,1.0740358895136153,1.0277364648453238
15443,-0.5916674483141248,0.7640123744367706,0.5350615526286182
15447,-0.17950768836591974,-0.6748872825603845,-0.5567916205126197
15448,-1.082333829204845,0.6351235184640878,0.8142982462005319
15454,0.8901450219758503,0.023983020771589966,0.09612864097360822
15456,0.5761185382057894,0.10468661873779295,0.0017236859469094657
15460,0.28171870967135726,1.0740358895136153,0.9756536242235626
15464,0.14433212302195558,1.7876255304781856,1.4730745875128268
15465,-0.5622274654606815,0.023983020771589966,0.042424394822199424
15468,0.7625717629442631,-1.7825705062091837,-3.398791510456625
15482,0.5564918829701606,-0.6748872825603845,-1.0031886629739017
15485,0.016758863990368338,0.10468661873779295,0.3547575180937665
15497,-1.082333829204845,-0.15984391422021904,0.05514031130082665
15498,-0.6505474140210111,2.009684788869073,1.404384682398933
15502,1.4298780409556424,0.6799423068293861,0.7665412243622495
15503,0.9588383153005511,1.2378966924437296,0.6489846266910828
15510,-0.18932101598373416,-1.7825705062091837,-2.5263606209964564
15512,0.6251851762948614,-0.8587142175521938,-1.4395751740703755
15513,-0.8958806044663712,0.4873095803114002,0.7934955020547027
15514,0.7429451077086342,1.521632696000846,1.042334559567221
15518,-0.7388673625813408,0.9136578421046154,0.7239144544481955
15525,2.077557663731393,1.159291444289721,1.1105465543568633
15527,-0.9940138806445152,0.4327959410884145,0.43666776266709867
15529,-0.48372084451816627,1.310814485537099,1.1640785976748143
15532,0.47798526202764535,0.9478393094285801,0.9450958409115608
15535,-0.2678276369262494,0.980899868665066,0.6607097044879745
15544,1.9499844046998058,0.31404040378673953,0.22631744159932116
15545,1.7635311799613322,0.10468661873779295,0.5767757169829822
15547,-1.0038272082623296,1.4425131623366603,1.1303789925038352
15549,-1.033267191115773,1.0740358895136153,1.214724930687714
15555,0.8410783838867782,1.4628826777687451,0.9636633645290589
15562,0.252278726817914,-1.7825705062091837,-1.9541839440775461
15563,0.5466785553523461,-0.519463823602249,0.006231160066368507
15569,-0.1010010674234045,-1.7825705062091837,-1.1353165852243143
15570,-0.22857432645499176,1.6125281454365896,1.6624689445808154
15574,0.5270519001167173,1.7274132107267572,1.4366687401623952
15579,-1.0430805187335872,0.4873095803114002,0.6033564218476709
15581,0.28171870967135726,0.4327959410884145,0.46319777736026524
15587,0.252278726817914,-1.373757585892359,-0.5867106355033956
15589,-1.2197204158542465,-0.519463823602249,-0.050569513117769686
15596,-0.8958806044663712,0.4873095803114002,0.5509411920136532
15601,-0.9547605701732577,2.0442569776553356,1.6560620714916465
15602,-1.1215871396761026,0.10468661873779295,0.003764021831813564
15605,2.067744336113579,-0.15984391422021904,0.2677770602440849
15606,-0.43465420642909425,-0.8587142175521938,-0.6598744386672338
15607,0.05601217446162595,-0.519463823602249,-0.33103448081405895
15611,0.006945536372553933,-1.7825705062091837,-1.7592458661699877
15615,-0.20894767121936295,0.5882194000465504,0.7272735399354122
15620,0.49761191726327414,0.17940647972972534,-0.05822809994637522
15626,-0.20894767121936295,-0.384829899545235,-0.29699881158674263
15628,1.321931437159684,0.2489690060966055,0.24264344575458463
15640,-0.0813744121877757,1.4217236274355392,1.2969990819717494
15641,0.5957451934414182,-0.384829899545235,-0.0776016317303136
15646,1.8812911113751052,0.17940647972972534,0.1014808301730961
15649,0.04619884684381155,-1.373757585892359,-1.8779259589231454
15658,-1.2884137091789474,0.4327959410884145,0.907972290991049
15660,1.174731522892468,-0.519463823602249,-0.5845685746523845
15661,-0.8271873111416704,-0.6748872825603845,-0.0806033849643719
15664,0.566305210587975,-1.7825705062091837,-0.9651542257738821
15673,-0.2874542921618782,0.4327959410884145,0.2981295407085102
15680,1.22379816098154,0.2489690060966055,0.32025066087205634
15687,-1.180467105382989,0.6799423068293861,0.8633926097517978
15689,0.8705183667402215,-1.373757585892359,-0.23040923524989257
15694,-1.1706537777651747,0.10468661873779295,0.3649964022686846
15696,-1.0234538634979584,0.9136578421046154,0.5881218303305754
15708,-1.0627071739692162,1.4217236274355392,1.2147054977177698
15713,0.7527584353264486,-0.6748872825603845,-0.24007525729163828
15716,1.6948378866366314,0.6799423068293861,0.35664982832668
15719,-1.2884137091789474,2.1205939307675132,1.608851061648098
15723,1.027531608625252,0.6799423068293861,0.5950776349223115
15727,-0.15988103313029092,1.1861798836433748,1.0578680190178797
15732,1.9205444218463628,-0.8587142175521938,-1.000225722927897
15738,-1.0921471568226593,0.31404040378673953,0.3286177028645118
15749,-0.1010010674234045,-0.6748872825603845,-0.5820999950367045
15750,1.106038229567767,0.10468661873779295,0.252975407011591
15752,1.999051042788878,-0.2660743622435596,0.0698518449650203
15759,0.48779858964545975,-1.7825705062091837,-1.6488120128174388
15769,0.026572191608182742,-0.519463823602249,-0.3258101892423742
15777,-0.7879340006704127,-0.519463823602249,-0.6375702746597366
15780,0.42891862393857333,-0.15984391422021904,0.15087713238416572
15781,-1.4159869682105346,-1.0837002028772094,-0.4842725920244429
15789,0.49761191726327414,0.17940647972972534,0.27281253975420533
15797,-0.6799873968744543,-1.7825705062091837,-1.3680039547038787
15799,-0.022494446480889278,-0.2660743622435596,-0.24972253004117
15805,1.0667849190965095,-0.519463823602249,0.11205523193637078
15808,-1.4061736405927203,2.378640475329015,1.9027191856249785
15811,0.4092919687029445,0.10468661873779295,-0.10799192923599425
15812,-0.7977473282882273,-1.373757585892359,-0.9915447060491994
15820,-0.6505474140210111,-0.15984391422021904,0.10416279223827045
15822,0.6055585210592326,-0.519463823602249,-0.2715316481038659
15823,0.11489214016851237,-0.15984391422021904,-0.4997420936932498
15827,-1.082333829204845,0.6799423068293861,0.4915343197721225
15831,-0.45428086166472303,-1.0837002028772094,-0.23636101460925302
15834,1.8812911113751052,-1.7825705062091837,-1.6995938231156777
15835,-0.16969436074810534,-0.6748872825603845,-0.5079019277118674
15838,-1.2099070882364322,-0.6748872825603845,-0.7053803047785775
15841,0.1933987611110276,-0.6748872825603845,-1.4563825316699983
15845,0.07563882969725476,-0.384829899545235,0.8495174855692005
15854,-1.1902804330008034,0.2489690060966055,0.3757238277673657
15856,0.24246539920009963,1.0439364387809122,0.714169851697186
15858,1.3611847476309418,0.4873095803114002,0.552977900098414
15860,1.5280113171337866,-0.06374678486788676,0.2698740964976431
15862,2.1364376294382796,1.26279318504311,1.2231178110639487
15864,-1.1510271225295456,-0.2660743622435596,-0.10778270924344623
15867,-0.8468139663772992,1.9240843540756347,1.402986930449985
15880,1.635957920929745,1.4004963861151958,1.5234103371689245
15881,-1.1510271225295456,0.539026389111755,0.692429736367468
15882,1.4593180238090857,0.023983020771589966,0.35612111790268675
15885,-1.2982270367967619,-1.7825705062091837,-2.674227094603903
15889,1.586891282840673,1.1861798836433748,1.2274757858197853
15894,1.6065179380763017,0.8035569220697675,0.5777034827595033
15898,1.370998075248756,1.212369842386592,0.7812846873082974
15899,1.5476379723694154,-0.8587142175521938,-0.9337664801573521
15910,-0.8958806044663712,0.9136578421046154,0.9226234348709345
15916,-0.19913434360154855,0.8782767830616999,0.6623035293222743
15919,1.5280113171337866,0.7640123744367706,0.7670242230760819
15922,1.9499844046998058,-0.519463823602249,-0.5205703069438521
15923,1.9597977323176203,0.2489690060966055,0.24186298516892438
15938,-0.4739075169003519,-0.8587142175521938,-0.08157023752809056
15939,-1.180467105382989,-0.384829899545235,-0.19870275499128995
15940,-1.2099070882364322,-1.7825705062091837,-2.8894668201536886
15945,1.125664884803396,-1.373757585892359,-0.7180839216395056
15950,0.6251851762948614,0.10468661873779295,0.23220093237948702
15953,-0.13044105027684771,0.023983020771589966,0.32201434061192397
15955,1.9794243875532491,0.31404040378673953,0.5402999349396441
15965,1.370998075248756,-0.15984391422021904,0.2274487108862045
15967,-0.7094273797278976,0.31404040378673953,0.4191260231630904
15971,-1.2099070882364322,-1.0837002028772094,-0.8821010662482219
15973,0.20321208872884203,-1.0837002028772094,-0.9427115184988749
15981,-1.1902804330008034,-1.373757585892359,-1.6095407998714133
15983,0.7331317800908198,1.212369842386592,0.95558387615592
15984,0.1737721058753988,-0.6748872825603845,-0.480026483589712
15987,1.5476379723694154,-1.0837002028772094,-1.1104944425552832
15996,1.1943581781280967,-0.15984391422021904,-0.28166478588768595
15998,0.8999583495936647,1.4425131623366603,1.1931788624973088
16003,0.615371848677047,-0.15984391422021904,0.11193318466304615
16010,0.9195850048292935,0.2489690060966055,0.6138186826409512
16011,-1.2000937606186177,1.0740358895136153,0.9378313073801428
16013,0.06582550207944035,-0.2660743622435596,-0.738066858142557
16016,1.22379816098154,1.0740358895136153,0.9841201128049955
16019,-1.0136405358801441,-0.15984391422021904,-0.23790107940560556
16029,-1.3669203301214627,1.012910707118714,0.8691388874330299
16030,-1.2687870539433186,0.6351235184640878,0.5900770865309284
16033,-0.35614758548657904,1.4828488098304398,1.1988857366637513
16034,-0.09118773980559011,-1.373757585892359,-1.073976817887195
16037,0.5564918829701606,-0.384829899545235,-0.2533507937886996
16042,-0.1010010674234045,-0.6748872825603845,-0.6693758416332148
16043,-0.7879340006704127,-0.2660743622435596,-0.2224149170014697
16048,2.0383043532601355,-0.6748872825603845,-0.05449138205799539
16059,-0.2776409645440638,0.6351235184640878,0.43716322649375106
16062,1.0177182810074374,-0.6748872825603845,-0.5966263212628117
16065,1.1354782124212104,1.2378966924437296,1.071454661727376
16081,1.3023047819240552,0.2489690060966055,0.4449691785332986
16083,0.7527584353264486,-0.2660743622435596,-0.6455368382943745
16085,-0.5720407930784959,0.10468661873779295,0.2713675730561264
16086,1.370998075248756,-0.6748872825603845,-0.4135950468209494
16094,0.07563882969725476,-1.7825705062091837,-2.603274168630769
16098,2.146250957056094,-0.6748872825603845,-0.3627688787669332
16109,-1.3472936748858337,-1.0837002028772094,-0.45810603512004155
16110,-1.2000937606186177,1.8021330717186905,1.4375073272515657
16112,-0.0715610845699613,-0.6748872825603845,-0.3023354312679439
16122,-0.0813744121877757,-0.2660743622435596,-0.29618712746979375
16124,-0.9547605701732577,-0.2660743622435596,-0.3166437220519925
16125,1.3317447647774985,0.023983020771589966,0.08206311265133007
16133,-0.964573897791072,-0.384829899545235,-0.1359380852055299
16134,0.28171870967135726,0.10468661873779295,0.3211554214757272
16138,1.4298780409556424,-1.7825705062091837,-3.0710832579803244
16140,1.7929711628147755,-0.519463823602249,-0.21784553926371567
16143,0.3209720201426149,0.10468661873779295,0.4967400094095459
16145,-0.09118773980559011,0.4327959410884145,0.3344742417422014
16150,0.07563882969725476,0.2489690060966055,0.28897959420342373
16153,0.3405986753782437,-0.384829899545235,-0.19082722391569337
16156,-1.229533743472061,0.17940647972972534,0.16936011498617454
16161,-1.2099070882364322,1.7274132107267572,1.3880593962989658
16163,1.0864115743321383,-0.8587142175521938,-1.578030828589492
16168,-0.6701740692566399,-1.0837002028772094,-0.7116836773988554
16186,1.9205444218463628,-1.373757585892359,-0.4064838525111263
16191,-1.1412137949117314,0.31404040378673953,0.02836592270649515
16202,0.7723850905620775,-0.384829899545235,-0.3615755287054458
16203,-0.09118773980559011,0.023983020771589966,0.039655355430805755
16206,-0.2678276369262494,0.023983020771589966,0.07884252050882307
16210,-1.258973726325504,0.5882194000465504,0.654724899184043
16218,2.126624301820465,0.4327959410884145,0.6183659060668748
16221,1.3808114028665706,-0.8587142175521938,-0.1690815589812365
16222,-0.768307345434784,1.8305365477523636,1.3733611974028728
16233,-0.20894767121936295,-0.519463823602249,-0.49226302813705153
16235,-0.258014309308435,-0.384829899545235,-0.36272518219769684
16241,0.20321208872884203,0.980899868665066,0.950910190900152
16244,1.9696110599354348,0.9136578421046154,0.8769200537973026
16250,2.146250957056094,-0.2660743622435596,0.19473732232655017
16252,1.1845448505102825,0.10468661873779295,0.06330299510430473
16255,0.22283874396447081,0.7640123744367706,0.732738611625298
16262,0.7527584353264486,-1.373757585892359,-0.5646562445647695
16265,1.0471582638608807,-0.06374678486788676,0.4276952526622848
16270,0.27190538205354287,0.7228533241035645,0.7250326594532449
16271,0.48779858964545975,-0.8587142175521938,-0.46312809245393627
16274,2.0383043532601355,1.0439364387809122,1.0211510390428638
16279,-0.04212110171651809,-1.373757585892359,-1.4416441276049563
16282,0.22283874396447081,-0.2660743622435596,-0.4171633084080095
16293,1.3513714200131273,-0.384829899545235,-0.4836880286160372
16303,-0.0617477569521469,0.2489690060966055,0.29958593175362924
16306,0.07563882969725476,-0.384829899545235,-0.7431056262165507
16315,-0.17950768836591974,-0.8587142175521938,-1.0964604572757812
16316,0.1737721058753988,0.4327959410884145,0.3017294376816756
16321,-0.48372084451816627,-1.373757585892359,-1.136376802440288
16326,-1.033267191115773,0.2489690060966055,0.2099163364175057
16327,-0.9842005530267008,1.5589798071210779,1.2379076461089453
16333,-1.2687870539433186,-1.7825705062091837,-0.6291661888784096
16350,-0.04212110171651809,0.17940647972972534,-0.21293412499495243
16351,-0.0813744121877757,-1.373757585892359,-0.9879296851748828
16353,-1.3080403644145762,-0.15984391422021904,-0.3322303604521716
16359,-0.258014309308435,-0.8587142175521938,-1.89399636170674
16365,0.5957451934414182,-0.519463823602249,-0.7046404700610074
16367,0.9293983324471079,0.2489690060966055,-0.0009852085480867845
16378,-1.229533743472061,-0.15984391422021904,0.10090811555894703
16385,1.2434248162171688,-0.15984391422021904,-0.3279226849772647
16387,-0.5327874826072383,-1.373757585892359,-2.279388390037663
16393,0.9293983324471079,0.17940647972972534,-0.026209827934037016
16395,-0.4739075169003519,1.2378966924437296,0.9944229260906359
16401,-0.2678276369262494,-0.06374678486788676,-0.44615807604221636
16402,1.6261445933119305,0.8782767830616999,1.0034165550159873
16403,-1.111773812058288,-1.0837002028772094,-0.4063284057283609
16405,-1.258973726325504,-1.7825705062091837,-2.2275983839696187
16407,-1.111773812058288,-0.06374678486788676,-0.10906395917020723
16409,-0.8468139663772992,0.980899868665066,0.8190446682709572
16411,1.635957920929745,-0.06374678486788676,-0.3024951888039083
16419,-1.1706537777651747,-0.384829899545235,-0.27281702300146815
16422,-1.180467105382989,0.8782767830616999,0.74842833987312
16424,0.11489214016851237,-1.7825705062091837,-3.017624446422251
16442,0.7625717629442631,0.9478393094285801,0.843323584790213
16455,0.7821984181798919,0.17940647972972534,0.1095776365622964
16456,-1.3865469853570915,1.310814485537099,1.1690217050550726
16458,0.7527584353264486,-0.6748872825603845,-0.6432320469201331
16470,0.5466785553523461,0.5882194000465504,0.37006640219732884
16473,0.06582550207944035,-0.8587142175521938,-0.8464454772971499
16477,-0.621107431167568,0.980899868665066,0.7684239013487538
16493,-0.20894767121936295,-1.7825705062091837,-1.5790115675335734
16496,-0.866440621612928,1.012910707118714,0.9072187582982897
16497,-0.7781206730525984,-0.06374678486788676,0.45788069793860603
16499,0.6742518143839334,0.17940647972972534,0.181612331967244
16500,-0.16969436074810534,-1.7825705062091837,-3.058021079845195
16503,-0.18932101598373416,0.8416088614052395,0.7585081286052957
16510,1.930357749464177,-0.06374678486788676,0.20693155968447963
16515,-1.180467105382989,0.37516558618164075,0.3638283416120871
16519,1.106038229567767,-1.7825705062091837,-1.8335301476963124
16520,1.125664884803396,1.0439364387809122,1.0820513513459424
16523,-0.9940138806445152,0.4873095803114002,0.1905930321148816
16525,-1.3963603129749058,0.8782767830616999,0.5923723882872829
16531,-0.7388673625813408,-0.15984391422021904,-0.07380311900989375
16532,0.1835854334932132,-1.7825705062091837,-3.02259095174337
16539,0.48779858964545975,0.2489690060966055,0.5588981403689904
16546,1.8812911113751052,0.023983020771589966,0.040853748863392415
16549,-0.012681118863074875,0.31404040378673953,0.08459933846825742
16550,1.4495046961912714,0.6799423068293861,0.5945479503863121
16551,0.06582550207944035,-0.2660743622435596,-0.5517536973490614
16552,2.097184318967022,-0.8587142175521938,-0.7963989348992927
16553,0.6840651420017478,-0.6748872825603845,0.964891111516258
16554,-0.14025437789466214,-1.7825705062091837,-0.7600572447461668
16556,0.6938784696195622,-0.15984391422021904,-0.016528269605427654
16558,-0.6309207587853823,0.9136578421046154,0.6217784666965782
16560,0.49761191726327414,-0.06374678486788676,0.30416002100507633
16565,0.97846497053618,-1.373757585892359,-1.8302137536319742
16567,0.07563882969725476,0.2489690060966055,0.25299286335990107
16570,-1.1510271225295456,0.023983020771589966,0.1640432224444659
16579,1.0962249019499528,-1.7825705062091837,-1.2615341121206238
16583,2.1168109742026506,-0.6748872825603845,0.15135122065392564
16593,-0.2678276369262494,-1.7825705062091837,-3.4621449605599484
16596,1.1845448505102825,-1.0837002028772094,-1.881487386595818
16600,0.1835854334932132,-1.7825705062091837,-0.30262834914357595
16607,0.4092919687029445,-0.2660743622435596,-0.34756794573687916
16612,-1.1608404501473601,0.2489690060966055,0.47976459833013224
16618,-0.5426008102250527,0.7640123744367706,0.8077460440268397
16634,1.8714777837572907,-0.519463823602249,-0.23694038894597202
16638,-0.23838765407280618,-1.0837002028772094,-1.0067919714444324
16654,1.4298780409556424,-0.6748872825603845,-0.5133032770180003
16655,-0.13044105027684771,0.17940647972972534,0.3151544388697695
16656,-0.8468139663772992,-0.519463823602249,-1.452898484513526
16658,1.4495046961912714,-0.384829899545235,-0.2919336273174077
16660,-0.6505474140210111,-1.7825705062091837,-2.419475197172012
16665,0.8901450219758503,-0.6748872825603845,-0.26805694061794744
16670,-0.35614758548657904,0.8035569220697675,0.6032459475973467
16676,0.11489214016851237,-0.2660743622435596,-0.336839082309907
16679,1.2336114885993545,-1.7825705062091837,-1.866189219789361
16684,-1.278600381561133,1.0740358895136153,0.9082802608437042
16686,0.35041200299605807,1.5024272254017421,1.1398515654835724
16700,-0.9056939320841857,0.7640123744367706,0.6879103858972914
16701,-0.13044105027684771,-0.15984391422021904,-0.04160592733133979
16705,-1.1902804330008034,0.9136578421046154,0.5296548264849054
16710,0.6840651420017478,0.9136578421046154,0.7770050997399448
16711,0.4191052963207589,-1.7825705062091837,-2.933320557289574
16713,0.3209720201426149,1.4628826777687451,1.20578209059063
16714,-0.8271873111416704,1.4217236274355392,1.337088951718775
16716,-1.2099070882364322,-1.7825705062091837,-2.2370465965597597
16717,-1.2393470710898753,-0.2660743622435596,-0.1548380950232628
16718,1.6457712485475595,0.9136578421046154,0.7424801128247429
16719,0.1835854334932132,1.1032627683867156,0.9702824556130166
16722,0.7527584353264486,0.6799423068293861,0.33995561044793976
16725,-1.3669203301214627,1.7729061928455898,1.4055095658236292
16726,0.8312650562689639,-0.2660743622435596,-0.42902760294392367
16727,0.9882782981539944,0.6351235184640878,0.5909972044318593
16730,-0.6701740692566399,-0.15984391422021904,0.4900155932439482
16735,-0.012681118863074875,0.8416088614052395,0.5306577257057136
16743,0.5368652277345317,0.17940647972972534,0.31772455975291175
16745,-1.4061736405927203,0.9136578421046154,0.8774055450880689
16746,-0.2678276369262494,0.8782767830616999,0.5130596567396406
16748,-1.2982270367967619,-0.15984391422021904,0.140113741349717
16752,1.9597977323176203,-0.8587142175521938,-0.29186154381987806
16754,1.8714777837572907,-1.373757585892359,-1.5773629638093654
16755,-0.9842005530267008,-0.384829899545235,0.08346540307047937
16757,-0.7094273797278976,-0.519463823602249,-0.3593763086492499
16767,-0.9155072597020001,0.8416088614052395,0.9726768311531978
16770,-1.0528938463514017,1.3788126101613607,1.2261479596776914
16771,-1.2393470710898753,1.6125281454365896,1.3544559127250984
16775,-0.19913434360154855,0.539026389111755,0.4403902585090047
16779,-1.2099070882364322,1.159291444289721,0.9038509924634661
16781,1.0962249019499528,0.2489690060966055,0.19864168288820455
16782,-0.8762539492307424,1.6797701719970406,1.3027156437070408
16791,-0.12062772265903332,0.4327959410884145,0.5271439016805034
16795,1.106038229567767,1.0439364387809122,0.7997292245025742
16805,0.6840651420017478,1.012910707118714,0.6297611093060379
16810,0.7625717629442631,-1.7825705062091837,-2.496117628591222
16812,0.7331317800908198,-0.384829899545235,0.15458638226321048
16814,-1.2687870539433186,1.159291444289721,1.1126612739728985
16816,-1.0725205015870305,0.37516558618164075,0.4217148629903855
16817,0.664438486766119,0.17940647972972534,0.11855971972631428
16833,-0.012681118863074875,-0.2660743622435596,-8.915976600554449e-06
16835,2.0088643704066924,-1.7825705062091837,-1.2082536404466253
16839,-1.082333829204845,-0.06374678486788676,0.0908223383397173
16843,-0.2874542921618782,-0.2660743622435596,0.10576611480440284
16850,-0.05193442933433249,0.17940647972972534,0.01038287239084477
16858,1.2139848333637255,-1.373757585892359,-0.6094830022981896
16861,1.4298780409556424,-1.7825705062091837,-2.4373497832785738
16863,0.7723850905620775,-0.6748872825603845,-0.15740201697517303
16873,0.30134536490698605,1.3339938217960619,0.5155214405844192
16875,-0.0813744121877757,0.4327959410884145,0.4454017689497758
16882,-0.8566272939951136,-1.7825705062091837,-1.251656245327599
16883,1.851851128521662,0.023983020771589966,0.27479254197204084
16885,0.3994786410851301,0.7228533241035645,0.6508815362385857
16889,0.06582550207944035,0.5882194000465504,0.7712736646354864
16891,1.8420378009038474,1.1861798836433748,1.138373311452108
16892,-0.49353417213598066,-1.7825705062091837,-2.248441915572459
16893,1.292491454306241,1.012910707118714,0.6411292093826385
16897,-1.033267191115773,0.539026389111755,0.6059525028900972
16898,1.106038229567767,0.023983020771589966,0.554809934691307
16899,0.6938784696195622,-0.15984391422021904,-0.3905299938971032
16904,-0.42484087881127985,1.3566522297454047,0.9799686614560462
16905,1.851851128521662,-0.6748872825603845,-0.2333394898639463
16907,1.0864115743321383,0.539026389111755,0.5898922070583695
16912,-0.5131608273716095,-0.6748872825603845,-0.21840913948317656
16916,1.9401710770819915,0.7228533241035645,0.5263835618304892
16918,-0.8566272939951136,-0.06374678486788676,0.36318923745173465
16919,0.6840651420017478,1.1032627683867156,1.0802602115691042
16923,-1.033267191115773,1.6467096127605543,1.5528321671330514
16926,1.8224111456682186,-0.519463823602249,-0.6430882599592685
16927,0.8410783838867782,-1.7825705062091837,-2.473070652853728
16928,-0.5426008102250527,-0.6748872825603845,0.025717773786872494
16931,-0.5818541206963103,1.5589798071210779,1.3547438317382878
16938,-1.3178536920323907,-0.15984391422021904,0.23246496040228748
16943,-0.768307345434784,-0.06374678486788676,-0.005661343412255573
16945,0.4681719344098309,-0.384829899545235,-0.05463861137365849
16948,-0.36596091310439344,-0.8587142175521938,-0.5681682511111897
16949,-0.8958806044663712,-0.8587142175521938,-0.41374432840427455
16950,1.3513714200131273,-1.373757585892359,-1.4832219729655167
16954,0.6546251591483045,-0.6748872825603845,-0.8247869006963312
16955,0.026572191608182742,0.10468661873779295,-0.10039734731336103
16983,-0.621107431167568,-0.06374678486788676,-0.16364657625855433
16985,-1.229533743472061,0.4327959410884145,0.6553928744471581
16992,-1.2491603987076898,-1.373757585892359,-2.222923699697473
16995,1.8714777837572907,-1.7825705062091837,-2.782440092718171
16996,0.2620920544357284,-0.8587142175521938,-0.9830663282199799
16997,-1.2982270367967619,-0.6748872825603845,-0.4814852280000771
17001,-0.6799873968744543,0.4873095803114002,0.08960238855202328
17007,0.27190538205354287,-0.2660743622435596,-0.10296878516199995
17017,0.6742518143839334,1.310814485537099,1.0665755752453532
17018,-0.35614758548657904,-0.6748872825603845,-0.5609569995577272
17019,-0.17950768836591974,1.4004963861151958,1.1258678584033084
17025,2.028491025642321,-0.6748872825603845,-0.21411776039434227
17026,1.6653979037831883,-1.0837002028772094,-1.5406059493859572
17027,-0.8271873111416704,0.4873095803114002,0.5719493596098356
17033,0.615371848677047,-0.8587142175521938,-0.8449646788731133
17035,-1.180467105382989,-0.2660743622435596,0.09236541668739415
17041,0.7527584353264486,-0.8587142175521938,-0.5218430135932651
17044,0.566305210587975,-1.7825705062091837,-2.1321105009831474
17048,-0.5622274654606815,-0.384829899545235,-0.14473188397888617
17059,1.685024559018817,1.8021330717186905,1.201231588985064
17062,-1.033267191115773,1.1032627683867156,0.9660442348969139
17064,-0.2874542921618782,-0.15984391422021904,0.602940322510738
17068,-1.1019604844404738,1.212369842386592,0.9794761280170844
17069,0.252278726817914,0.2489690060966055,0.30086581332729495
17071,-1.258973726325504,-0.2660743622435596,-0.09104892008814698
17075,-0.817373983523856,-0.519463823602249,-0.8681610897259953
17076,1.0569715914786952,-0.6748872825603845,-0.2349268026996926
17082,-0.7781206730525984,0.023983020771589966,-0.7471227345236532
17085,0.3307853477604293,1.2378966924437296,0.9226266525276816
17090,0.31115869252480044,-1.373757585892359,-1.8164738632117103
17091,-0.7388673625813408,0.5882194000465504,0.6304543889682216
17094,-0.7781206730525984,-0.2660743622435596,0.10130578458108459
17095,-0.13044105027684771,-0.6748872825603845,-0.4936866799802089
17097,-0.44446753404690864,0.9478393094285801,0.9343949083487569
17105,-1.4061736405927203,0.8782767830616999,0.8043671255766277
17114,0.006945536372553933,0.023983020771589966,0.40995107582151274
17118,-0.8075606559060416,-0.384829899545235,0.09690372500809655
17126,0.9392116600649223,0.9136578421046154,0.9929410142049839
17128,-0.002867791245260471,-0.519463823602249,-0.29801645259793996
17135,1.8616644561394764,-0.519463823602249,-0.04666588491100318
17146,0.5368652277345317,-0.519463823602249,0.2602904287111964
17147,-1.1510271225295456,-0.2660743622435596,-0.32466697112245857
17158,0.7036917972373766,0.37516558618164075,0.2233684011778126
17179,0.8214517286511495,-0.2660743622435596,0.13261247562098077
17180,-0.9743872254088864,1.0439364387809122,0.931670311742168
17181,2.097184318967022,-1.373757585892359,-1.0297717432414002
17188,-1.0136405358801441,0.8782767830616999,0.5524865255604793
17189,0.566305210587975,0.539026389111755,0.6807108820128677
17191,1.4298780409556424,1.159291444289721,1.117504879606198
17194,0.7429451077086342,0.17940647972972534,0.00031761269591576435
17198,1.1158515571855816,1.3566522297454047,1.2494615008077237
17204,0.3307853477604293,-1.0837002028772094,-0.9823141861831917
17211,0.27190538205354287,0.8035569220697675,0.7785583095183883
17213,-0.9253205873198145,0.5882194000465504,0.6086481856046597
17214,-1.2982270367967619,0.31404040378673953,0.16351486023784423
17218,-0.022494446480889278,1.6467096127605543,1.127784827245833
17220,-1.0921471568226593,1.212369842386592,1.089187728014108
17223,-1.2491603987076898,0.8782767830616999,1.0977039527154626
17226,-1.327667019650205,0.17940647972972534,0.28919739673439
17227,1.5378246447516009,-1.0837002028772094,-1.0860440288491153
17228,-1.1706537777651747,0.8035569220697675,0.6578083282447965
17230,-1.229533743472061,1.2378966924437296,0.9524918811560161
17231,-0.4739075169003519,1.159291444289721,1.0601944637304948
17235,1.9401710770819915,-0.384829899545235,0.1222535073862369
17236,-0.7388673625813408,0.31404040378673953,0.34963053377936204
17238,-0.5524141378428671,1.5024272254017421,1.2681968439479834
17239,-1.082333829204845,0.2489690060966055,0.38003272601284355
17243,-0.5622274654606815,1.159291444289721,0.9373047432850176
17251,0.9588383153005511,0.6799423068293861,0.18540054865315836
17256,-1.1215871396761026,-0.384829899545235,-0.28432906484258585
17259,1.4789446790447145,1.0439364387809122,0.9239456640071987
17262,1.2336114885993545,-1.7825705062091837,-2.822770351050044
17277,-0.5426008102250527,0.9478393094285801,0.6917810043324696
17284,0.03638551922599714,1.4628826777687451,0.9959400355244253
17287,1.3808114028665706,-0.15984391422021904,0.21926924790718064
17288,-0.3267076026331358,-0.6748872825603845,-0.052254713354962914
17291,-1.3472936748858337,-1.7825705062091837,-1.683138499798369
17293,-1.376733657739277,0.31404040378673953,0.2890209545517294
17303,0.8312650562689639,0.6351235184640878,0.41140932684052267
17306,-0.8468139663772992,-0.6748872825603845,-1.3565062644384596
17307,1.0962249019499528,-1.7825705062091837,-2.7520398954086582
17311,-0.8860672768485568,0.539026389111755,0.6223005192878939
17314,-1.1510271225295456,0.31404040378673953,0.5879399435778426
17315,-1.3669203301214627,1.5024272254017421,1.1743098593702104
17320,1.4102513857200136,0.023983020771589966,0.11331389482676676
17324,-0.13044105027684771,-0.384829899545235,0.05356785303536399
17329,-1.0234538634979584,-0.15984391422021904,0.3529877041769385
17334,-1.3080403644145762,-0.384829899545235,0.050156038903253354
17337,-1.258973726325504,2.501003375050664,2.136047697501641
17338,-0.15006770551247653,1.5949928039601997,1.0430197566200732
17339,1.106038229567767,-1.7825705062091837,-2.35394418640785
17340,0.28171870967135726,1.6797701719970406,1.3160487407867907
17341,1.2532381438349833,1.7428067421128866,1.3896153148754635
17343,0.3405986753782437,-0.2660743622435596,-0.18632727930968093
17346,0.6349985039126758,0.6351235184640878,0.5205274432526773
17356,-1.1608404501473601,0.2489690060966055,0.17026905986453184
17358,0.36022533061387246,0.8416088614052395,0.7702743933325473
17362,-1.2687870539433186,-0.519463823602249,-0.30374794044020464
17364,-0.5131608273716095,0.37516558618164075,0.26298160441252927
17365,-0.09118773980559011,0.9478393094285801,0.7575650963446359
17368,-0.7781206730525984,0.6799423068293861,0.423739067731332
17371,0.8018250734155207,-0.8587142175521938,-0.09901452861521276
17372,-0.8468139663772992,1.2378966924437296,1.1621028241310205
17373,-1.0921471568226593,-0.15984391422021904,0.22603886894230216
17375,-1.1412137949117314,0.8035569220697675,0.6891585227839876
17376,-1.2000937606186177,-0.6748872825603845,-0.5692274286324284
17377,0.3994786410851301,0.9136578421046154,0.6641064558367378
17381,-1.327667019650205,0.2489690060966055,0.40148192113887504
17389,-1.1412137949117314,0.2489690060966055,0.36785620691457466
17392,-1.3865469853570915,1.1032627683867156,1.0725269537888455
17396,1.8616644561394764,-1.373757585892359,-2.419787457863324
17400,0.2620920544357284,0.4327959410884145,0.9680489250968212
17402,-0.23838765407280618,0.17940647972972534,0.2877596968938327
17404,-0.9842005530267008,1.0740358895136153,0.7339416838844046
17406,-0.18932101598373416,1.4217236274355392,1.0943467933136573
17411,1.1551048676568392,-1.373757585892359,-1.444485704090702
17412,0.4681719344098309,0.2489690060966055,0.2672987690480858
17418,-0.48372084451816627,-0.384829899545235,-0.21231107758659762
17419,-0.41502755119346546,0.4873095803114002,0.2941381904717319
17420,2.146250957056094,-0.6748872825603845,-0.6613047373547711
17428,-0.0813744121877757,0.5882194000465504,0.30551731200840115
17430,1.1354782124212104,-1.0837002028772094,-0.1210164419788649
17431,-1.0627071739692162,0.8416088614052395,0.9906955178263696
17442,1.0962249019499528,-1.7825705062091837,-1.2741603029009745
17446,-1.2393470710898753,-1.0837002028772094,-0.38816589164932763
17449,0.6349985039126758,1.212369842386592,1.0350448199773832
17450,-0.0813744121877757,0.7228533241035645,0.49045686805380545
17454,0.6448118315304902,-0.384829899545235,-0.23686793979196027
17456,1.0962249019499528,-0.384829899545235,-0.3114893680370664
17457,-1.3080403644145762,-0.6748872825603845,-0.41570377846131346
17460,-0.768307345434784,-0.519463823602249,-0.7270101989666133
17463,-1.0725205015870305,1.6125281454365896,1.297658132934395
17470,1.4004380581021993,-0.519463823602249,-0.1256244114787905
17491,-0.36596091310439344,-0.384829899545235,-0.9662094879180695
17496,0.566305210587975,-0.8587142175521938,-1.074544549500643
17504,-0.5229741549894239,0.2489690060966055,0.2569003638199368
17507,-1.3080403644145762,1.0740358895136153,0.9124583812822796
17511,-1.2099070882364322,2.2299702681475027,1.6925976841574955
17515,-0.768307345434784,0.2489690060966055,0.39983129175212806
17517,-1.327667019650205,-0.2660743622435596,-0.25344979674341384
17519,0.7723850905620775,-0.15984391422021904,0.12282949172303699
17524,0.8214517286511495,-1.7825705062091837,-1.165221236235725
17525,0.6251851762948614,-0.8587142175521938,-0.847824508242712
17526,0.7625717629442631,-0.519463823602249,-0.6708265581000104
17530,1.0667849190965095,0.9478393094285801,0.8654536751608486
17540,-0.9351339149376289,-1.373757585892359,-0.9700510349160424
17547,1.9205444218463628,-1.373757585892359,-1.4769470307156862
17548,2.1364376294382796,-0.8587142175521938,-0.6389427751863063
17551,0.5957451934414182,0.4327959410884145,0.4042208829941021
17552,1.8616644561394764,-1.373757585892359,-0.19346478009915413
17555,-0.002867791245260471,0.7228533241035645,0.6297810220606178
17560,-1.229533743472061,-1.373757585892359,-1.2856730022149983
17567,1.9107310942285483,-0.519463823602249,0.3519767926483882
17569,-0.12062772265903332,0.2489690060966055,0.13423614137802406
17572,2.077557663731393,-1.373757585892359,-0.8415370022122178
17576,-0.405214223575651,0.8035569220697675,0.9748305416699333
17580,-1.111773812058288,0.8416088614052395,0.7751637479548322
17581,-0.21876099883717737,1.2378966924437296,0.8448440077513804
17585,0.15414545063977,0.4327959410884145,0.5020260786951404
17591,-0.8468139663772992,1.310814485537099,0.9808169411752474
17593,0.2620920544357284,0.023983020771589966,-0.36951026963275896
17596,1.5083846618981578,0.9136578421046154,0.7950927697761498
17602,-0.4640941892825375,1.5949928039601997,1.3992496884758798
17604,-1.1314004672939169,0.539026389111755,0.6379220966815566
17609,-0.2874542921618782,1.0740358895136153,1.0614671775780458
17611,-0.6014807759319392,2.2109459920355143,1.6598084231404486
17616,1.4004380581021993,-1.7825705062091837,-1.6952297857262457
17618,0.8803316943580359,0.6799423068293861,0.3749310147990232
17619,-1.1215871396761026,1.4004963861151958,0.9469861231958042
17621,-1.1019604844404738,0.10468661873779295,0.3142627896378833
17629,-0.0813744121877757,-0.15984391422021904,-0.1182182070222753
17633,0.566305210587975,-1.7825705062091837,-2.8394897710621825
17634,0.11489214016851237,0.7640123744367706,0.690169316039396
17643,2.04811768087795,-0.8587142175521938,-0.6170253858349138
17644,-0.5622274654606815,-1.7825705062091837,-2.9134753984873014
17646,1.106038229567767,-0.6748872825603845,-0.3081779360594568
17655,0.48779858964545975,-0.6748872825603845,-1.1053211134056407
17659,0.47798526202764535,-0.519463823602249,0.011972229136588628
17671,1.106038229567767,-1.7825705062091837,-0.8784945838726446
17672,-1.2884137091789474,0.539026389111755,0.8071004140972734
17673,-0.621107431167568,1.212369842386592,1.0920676583826259
17674,1.5476379723694154,-0.6748872825603845,-0.8096768902168909
17675,-1.1510271225295456,0.8416088614052395,0.8443283422819359
17676,1.2336114885993545,-1.0837002028772094,-0.1016497540565149
17677,-0.7388673625813408,0.9136578421046154,0.5292116105221207
17682,1.4593180238090857,-0.519463823602249,-0.02977861838293733
17685,-1.376733657739277,0.6799423068293861,0.5558778600946624
17690,-0.3267076026331358,1.212369842386592,1.0456330373210991
17691,0.47798526202764535,-0.519463823602249,-0.5663803554396631
17692,0.6055585210592326,0.31404040378673953,0.4193644687105519
17696,0.07563882969725476,-0.8587142175521938,-0.13158402625811821
17700,1.0962249019499528,-1.373757585892359,-2.2400266539199354
17702,1.1158515571855816,-1.0837002028772094,-0.6691573546667853
17706,1.3023047819240552,0.4873095803114002,0.30690408115485274
17707,0.04619884684381155,-1.7825705062091837,-2.411098619718487
17708,-0.41502755119346546,0.37516558618164075,0.47898391850927624
17714,-0.5622274654606815,-0.519463823602249,-0.6756154009357701
17720,1.3906247304843848,-1.7825705062091837,-2.236214546591386
17722,-0.8468139663772992,1.4628826777687451,0.9719736653311607
17730,-0.7388673625813408,-0.519463823602249,-0.1415293601780685
17732,1.999051042788878,0.023983020771589966,0.17977831685683981
17735,-0.8075606559060416,0.9136578421046154,1.031254191212617
17739,-0.0715610845699613,-1.373757585892359,-0.45699883299659627
17742,-0.0813744121877757,-0.2660743622435596,-0.13904613313265837
17744,-0.5131608273716095,0.4327959410884145,0.3461678629119138
17752,0.566305210587975,-1.7825705062091837,-1.5169301510344446
17757,-0.9547605701732577,1.5949928039601997,1.2068601408837467
17760,2.0383043532601355,-0.384829899545235,-0.3355160745599569
17769,-0.5720407930784959,0.7228533241035645,0.6627381271204585
17771,-0.49353417213598066,-0.15984391422021904,0.2682834494846483
17786,-0.8370006387594848,-0.06374678486788676,0.2417564883617592
17787,-0.48372084451816627,1.287089703378525,1.0509594976690741
17790,0.4387319515563877,0.31404040378673953,0.18826138538406284
17796,-1.0430805187335872,1.4004963861151958,1.257397014810573
17799,-0.6505474140210111,1.663375392543683,1.2485639846311503
17800,-0.012681118863074875,-0.384829899545235,-0.579358797669528
17802,1.930357749464177,-0.6748872825603845,-0.38739481507544765
17809,1.8224111456682186,-1.0837002028772094,-0.3818046265906369
17811,-1.2197204158542465,1.8982302010710228,1.4796589048802569
17812,1.4102513857200136,0.023983020771589966,0.18684372931373788
17816,1.106038229567767,-1.373757585892359,0.12325321353639555
17819,0.9097716772114791,-0.8587142175521938,-0.07259212209551352
17820,0.566305210587975,-1.7825705062091837,-0.9254611122202006
17827,1.027531608625252,1.5024272254017421,1.0889232474765225
17838,1.0864115743321383,0.37516558618164075,0.7529874101056903
17841,-1.2491603987076898,3.1405473487768356,2.367694268543618
17848,-1.258973726325504,-0.6748872825603845,-1.167996110995926
17849,-0.05193442933433249,-1.373757585892359,-0.0516039443347279
17850,1.9107310942285483,2.74312728098731,2.1281153198985274
17855,1.999051042788878,-0.15984391422021904,-0.0015674150641305103
17857,0.48779858964545975,-0.8587142175521938,-0.6642087511606368
17858,-0.6112941035497536,0.9136578421046154,0.7595360035220794
17860,1.4985713342803433,0.980899868665066,0.570528009272612
17861,-0.6407340864031967,-0.519463823602249,-0.36220104518649304
17862,-0.48372084451816627,-0.2660743622435596,-0.24808145636543755
17863,-1.2197204158542465,0.7228533241035645,0.6707098767592701
17865,0.4092919687029445,0.7228533241035645,0.8082753281130113
17869,1.4004380581021993,-0.519463823602249,-0.39699024095659463
17870,1.321931437159684,-1.7825705062091837,-2.304952763896999
17873,2.04811768087795,-0.8587142175521938,-0.14646551244754452
17880,1.0471582638608807,-0.06374678486788676,0.1645645307047341
17884,-1.1608404501473601,1.5589798071210779,1.2145118313055305
17888,-0.817373983523856,-0.384829899545235,-0.3039614078737866
17889,-0.5622274654606815,-0.15984391422021904,-0.20659678847058488
17890,-0.5327874826072383,1.26279318504311,1.0983968154283992
17894,-1.111773812058288,1.5949928039601997,1.2960609356500579
17897,1.3317447647774985,1.0740358895136153,0.9655635045720351
17905,0.252278726817914,-0.06374678486788676,0.0994065247882029
17908,2.126624301820465,1.0439364387809122,0.886657694379844
17912,-1.2393470710898753,0.539026389111755,0.2115708901005116
17913,0.3896653134673157,0.10468661873779295,-0.16654337907898348
17917,0.9195850048292935,0.4327959410884145,0.4081526545578752
17920,-1.0234538634979584,1.7274132107267572,1.3685944964523824
17924,0.3209720201426149,-0.8587142175521938,-1.1356160420638357
17925,1.999051042788878,-1.7825705062091837,-2.729367191044143
17929,-1.3178536920323907,-1.373757585892359,-1.1450595747406287
17937,0.8116384010333351,0.023983020771589966,-0.2354928899463852
17949,0.1345187954041412,-1.373757585892359,-2.0479943548934236
17950,1.0962249019499528,0.539026389111755,0.9940363622991254
17951,0.31115869252480044,-0.2660743622435596,-0.36047864682489206
17954,-0.24820098169062058,1.2378966924437296,1.035124641231685
17961,-1.2393470710898753,0.9478393094285801,1.270508952483477
17964,1.9401710770819915,0.7228533241035645,0.7387593218209603
17965,-1.0038272082623296,1.3788126101613607,0.8241267664931895
17967,1.851851128521662,0.8416088614052395,0.7814872307359151
17968,2.1069976465848366,1.012910707118714,1.1728347607519929
17969,0.8018250734155207,-1.0837002028772094,-1.558711173504048
17975,-1.229533743472061,1.131666244420389,1.4282994427127544
17976,1.930357749464177,1.0740358895136153,0.8782230849463314
17978,1.1158515571855816,-0.8587142175521938,-0.6197863127930123
17980,0.5761185382057894,-0.384829899545235,-0.5002603604689133
17988,-0.3267076026331358,0.023983020771589966,0.1613172002644773
17990,0.27190538205354287,-0.2660743622435596,-0.24149013222477866
17999,1.2139848333637255,0.4327959410884145,0.6514424957794546
18004,0.8901450219758503,0.4873095803114002,0.49920987433357555
18008,-0.7290540349635264,-0.6748872825603845,-0.755321324771634
18011,2.0088643704066924,0.17940647972972534,0.08581721214831471
18016,-1.0234538634979584,0.7228533241035645,0.4773094562225146
18017,-1.2393470710898753,-1.7825705062091837,-2.730110734847108
18032,-0.022494446480889278,-1.0837002028772094,-2.1222152381840833
18037,-0.5524141378428671,-0.384829899545235,-0.7397124447924589
18041,-1.2393470710898753,2.1205939307675132,1.5814918977848282
18043,1.2826781266884264,0.9136578421046154,0.8337999410015666
18044,0.7429451077086342,-1.0837002028772094,-0.4121824453913991
18050,0.5957451934414182,-0.6748872825603845,-0.5066102427163133
18055,-1.1608404501473601,1.4828488098304398,1.2413429781325422
18061,-0.5229741549894239,-0.519463823602249,-0.1435015672355673
18062,0.1345187954041412,-1.0837002028772094,-1.6641331851948693
18065,0.48779858964545975,0.4327959410884145,0.10441696754282062
18069,-0.2776409645440638,1.0740358895136153,0.8705057881178755
18071,1.1649181952746537,-0.8587142175521938,-0.5830499301692228
18074,2.146250957056094,0.10468661873779295,0.128432716450219
18075,-0.9743872254088864,0.539026389111755,0.45716641403562974
18077,-0.6996140521100832,1.0439364387809122,0.8581542272205865
18085,-0.19913434360154855,0.31404040378673953,0.28803036326615006
18092,-0.19913434360154855,0.10468661873779295,0.04660017576374469
18095,-1.1019604844404738,0.10468661873779295,-0.06788718989912243
18097,0.23265207158228524,0.023983020771589966,0.002941030306495842
18102,1.1158515571855816,0.2489690060966055,0.2542949895834451
18106,-0.21876099883717737,0.539026389111755,0.4898193779240831
18109,-0.3855875683400222,1.0740358895136153,0.6016835529136146
18113,1.5083846618981578,-1.7825705062091837,-1.7126954899126585
18116,0.23265207158228524,1.9112401457185666,1.3369484006787162
18118,-0.37577424072220783,2.3539472398053847,1.7978119676031759
18119,1.3808114028665706,0.10468661873779295,0.11873387625755993
18125,-0.9449472425554433,1.3788126101613607,1.333308711881182
18136,-0.6505474140210111,-0.06374678486788676,0.07695037550773742
18141,0.7625717629442631,-1.7825705062091837,-2.51330902876248
18144,-0.719240707345712,-0.6748872825603845,-0.6275541187453058
18145,-1.0921471568226593,0.7640123744367706,0.6768422158437306
18156,1.6948378866366314,1.1032627683867156,0.5846167019926289
18161,-0.6407340864031967,-0.2660743622435596,-0.4053809593321603
18168,0.6349985039126758,0.9478393094285801,0.6602389052387196
18171,-0.04212110171651809,-0.15984391422021904,-0.07773496991319197
18176,0.27190538205354287,0.17940647972972534,0.40731636229998147
18178,-1.2982270367967619,0.31404040378673953,0.4779526943273461
18179,-0.3365209302509502,0.17940647972972534,0.17030855129231284
18190,-0.3954008959578366,-0.519463823602249,-0.7882763039306588
18193,1.22379816098154,-1.7825705062091837,-3.086932243354011
18198,-1.2197204158542465,0.31404040378673953,0.3101741947621804
18202,-1.1902804330008034,0.4327959410884145,0.7567292411428991
18212,-0.35614758548657904,0.6351235184640878,0.47555354878717493
18219,0.7331317800908198,0.10468661873779295,-0.1601426820077299
18223,-0.5622274654606815,1.0439364387809122,0.7450368101010887
18225,1.0962249019499528,-1.373757585892359,-1.7129133096706433
18226,-0.14025437789466214,0.023983020771589966,-0.1555918025748776
18229,-0.20894767121936295,0.17940647972972534,0.3307845989668526
18230,0.566305210587975,-1.373757585892359,-1.5899407133637276
18233,-0.35614758548657904,-1.7825705062091837,-1.810715386889151
18239,-1.082333829204845,0.8782767830616999,0.9486864474684281
18245,-1.0921471568226593,0.980899868665066,1.0902930651985694
18250,-1.2393470710898753,-0.519463823602249,0.3493004441754036
18256,0.3405986753782437,-1.373757585892359,-2.0410311740627143
18259,1.2336114885993545,-1.0837002028772094,-0.43800239912679395
18260,-0.5622274654606815,0.539026389111755,0.42860284845350716
18269,0.48779858964545975,-1.373757585892359,-1.5629662977535546
18277,-0.7388673625813408,-1.7825705062091837,-1.1046607411560005
18283,-0.6112941035497536,1.540479164737214,1.0057393626844349
